-- MariaDB dump 10.19  Distrib 10.5.12-MariaDB, for Linux (x86_64)
--
-- Host: mysql.hostinger.ro    Database: u574849695_23
-- ------------------------------------------------------
-- Server version	10.5.12-MariaDB-cll-lve

/*!40101 SET @OLD_CHARACTER_SET_CLIENT=@@CHARACTER_SET_CLIENT */;
/*!40101 SET @OLD_CHARACTER_SET_RESULTS=@@CHARACTER_SET_RESULTS */;
/*!40101 SET @OLD_COLLATION_CONNECTION=@@COLLATION_CONNECTION */;
/*!40101 SET NAMES utf8mb4 */;
/*!40103 SET @OLD_TIME_ZONE=@@TIME_ZONE */;
/*!40103 SET TIME_ZONE='+00:00' */;
/*!40014 SET @OLD_UNIQUE_CHECKS=@@UNIQUE_CHECKS, UNIQUE_CHECKS=0 */;
/*!40014 SET @OLD_FOREIGN_KEY_CHECKS=@@FOREIGN_KEY_CHECKS, FOREIGN_KEY_CHECKS=0 */;
/*!40101 SET @OLD_SQL_MODE=@@SQL_MODE, SQL_MODE='NO_AUTO_VALUE_ON_ZERO' */;
/*!40111 SET @OLD_SQL_NOTES=@@SQL_NOTES, SQL_NOTES=0 */;

--
-- Table structure for table `communities`
--

DROP TABLE IF EXISTS `communities`;
/*!40101 SET @saved_cs_client     = @@character_set_client */;
/*!40101 SET character_set_client = utf8 */;
CREATE TABLE `communities` (
  `id` bigint(20) unsigned NOT NULL AUTO_INCREMENT,
  `name` varchar(150) COLLATE utf8mb4_unicode_ci DEFAULT NULL,
  `admin_user_id` bigint(20) unsigned DEFAULT NULL,
  PRIMARY KEY (`id`),
  KEY `communities_name_idx` (`name`),
  KEY `admin_user_id` (`admin_user_id`),
  CONSTRAINT `communities_ibfk_1` FOREIGN KEY (`admin_user_id`) REFERENCES `users` (`id`) ON DELETE SET NULL ON UPDATE CASCADE
) ENGINE=InnoDB AUTO_INCREMENT=101 DEFAULT CHARSET=utf8mb4 COLLATE=utf8mb4_unicode_ci;
/*!40101 SET character_set_client = @saved_cs_client */;

--
-- Dumping data for table `communities`
--

LOCK TABLES `communities` WRITE;
/*!40000 ALTER TABLE `communities` DISABLE KEYS */;
INSERT INTO `communities` VALUES (1,'debitis',1),(2,'ea',2),(3,'cum',3),(4,'vel',4),(5,'et',5),(6,'iure',6),(7,'cum',7),(8,'ut',8),(9,'itaque',9),(10,'quo',10),(11,'consequatur',11),(12,'maiores',12),(13,'facere',13),(14,'ipsam',14),(15,'aut',15),(16,'voluptates',16),(17,'fuga',17),(18,'velit',18),(19,'minima',19),(20,'odio',20),(21,'sed',21),(22,'voluptatem',22),(23,'accusamus',23),(24,'in',24),(25,'odio',25),(26,'totam',26),(27,'in',27),(28,'omnis',28),(29,'vel',29),(30,'ab',30),(31,'dicta',31),(32,'sequi',32),(33,'ut',33),(34,'odit',34),(35,'quo',35),(36,'totam',36),(37,'hic',37),(38,'fugiat',38),(39,'distinctio',39),(40,'dicta',40),(41,'enim',41),(42,'velit',42),(43,'eos',43),(44,'corrupti',44),(45,'inventore',45),(46,'provident',46),(47,'repudiandae',47),(48,'occaecati',48),(49,'eos',49),(50,'ut',50),(51,'quia',51),(52,'asperiores',52),(53,'sit',53),(54,'repellendus',54),(55,'impedit',55),(56,'a',56),(57,'facere',57),(58,'voluptate',58),(59,'dolore',59),(60,'aperiam',60),(61,'debitis',61),(62,'et',62),(63,'rem',63),(64,'sed',64),(65,'rerum',65),(66,'ut',66),(67,'impedit',67),(68,'hic',68),(69,'iusto',69),(70,'sunt',70),(71,'molestias',71),(72,'aut',72),(73,'qui',73),(74,'nostrum',74),(75,'dolorem',75),(76,'voluptatem',76),(77,'libero',77),(78,'nihil',78),(79,'eos',79),(80,'voluptatem',80),(81,'et',81),(82,'sint',82),(83,'vel',83),(84,'similique',84),(85,'eos',85),(86,'vel',86),(87,'voluptas',87),(88,'possimus',88),(89,'deleniti',89),(90,'vel',90),(91,'reiciendis',91),(92,'maiores',92),(93,'molestiae',93),(94,'eius',94),(95,'cum',95),(96,'sunt',96),(97,'autem',97),(98,'nulla',98),(99,'et',99),(100,'aut',100);
/*!40000 ALTER TABLE `communities` ENABLE KEYS */;
UNLOCK TABLES;

--
-- Table structure for table `friend_requests`
--

DROP TABLE IF EXISTS `friend_requests`;
/*!40101 SET @saved_cs_client     = @@character_set_client */;
/*!40101 SET character_set_client = utf8 */;
CREATE TABLE `friend_requests` (
  `initiator_user_id` bigint(20) unsigned NOT NULL,
  `target_user_id` bigint(20) unsigned NOT NULL,
  `status` enum('requested','approved','declined','unfriended') COLLATE utf8mb4_unicode_ci DEFAULT NULL,
  `requested_at` datetime DEFAULT current_timestamp(),
  `updated_at` datetime DEFAULT NULL ON UPDATE current_timestamp(),
  PRIMARY KEY (`initiator_user_id`,`target_user_id`),
  KEY `target_user_id` (`target_user_id`),
  CONSTRAINT `friend_requests_ibfk_1` FOREIGN KEY (`initiator_user_id`) REFERENCES `users` (`id`) ON DELETE CASCADE ON UPDATE CASCADE,
  CONSTRAINT `friend_requests_ibfk_2` FOREIGN KEY (`target_user_id`) REFERENCES `users` (`id`) ON DELETE CASCADE ON UPDATE CASCADE
) ENGINE=InnoDB DEFAULT CHARSET=utf8mb4 COLLATE=utf8mb4_unicode_ci;
/*!40101 SET character_set_client = @saved_cs_client */;

--
-- Dumping data for table `friend_requests`
--

LOCK TABLES `friend_requests` WRITE;
/*!40000 ALTER TABLE `friend_requests` DISABLE KEYS */;
INSERT INTO `friend_requests` VALUES (1,1,'unfriended','2014-04-12 13:50:20','2008-06-08 20:55:58'),(2,2,'unfriended','1983-11-08 20:14:32','1974-07-16 18:32:52'),(3,3,'unfriended','2018-09-20 23:49:05','2012-09-03 09:45:04'),(4,4,'requested','1996-05-19 12:32:25','1998-02-28 17:28:34'),(5,5,'unfriended','2020-04-29 08:26:38','2006-03-07 17:42:07'),(6,6,'unfriended','2009-06-29 16:50:43','1984-05-24 07:49:23'),(7,7,'requested','2010-05-01 07:13:41','2006-12-10 18:35:22'),(8,8,'declined','1997-10-09 10:51:36','2000-02-12 11:34:20'),(9,9,'approved','1975-11-14 10:01:18','2012-11-02 04:38:30'),(10,10,'approved','1990-12-11 04:42:10','2017-09-25 05:27:54'),(11,11,'declined','2003-02-11 22:50:29','2000-11-22 12:29:12'),(12,12,'unfriended','2016-06-04 10:45:21','1986-03-15 11:47:07'),(13,13,'declined','2011-09-22 20:14:55','1975-02-06 07:53:33'),(14,14,'unfriended','1978-09-09 23:04:40','2006-03-15 14:33:22'),(15,15,'approved','2011-09-03 17:29:22','2002-12-14 00:11:27'),(16,16,'requested','1973-11-27 13:02:20','1970-10-29 17:05:48'),(17,17,'approved','1985-01-09 02:28:48','1987-06-17 05:22:30'),(18,18,'approved','1996-06-23 19:31:41','2003-03-26 04:41:27'),(19,19,'unfriended','2012-05-22 05:38:49','1994-04-26 00:50:12'),(20,20,'requested','1998-02-13 22:43:40','2012-05-11 20:29:06'),(21,21,'unfriended','1977-03-27 12:05:58','1973-03-29 11:10:15'),(22,22,'approved','1983-11-06 07:13:51','1998-03-05 00:47:57'),(23,23,'approved','1984-01-27 02:28:39','1995-06-05 07:10:13'),(24,24,'requested','2008-10-05 23:40:39','2014-06-03 18:57:49'),(25,25,'requested','1981-04-03 05:41:10','2012-07-09 19:25:24'),(26,26,'approved','1989-01-02 06:12:25','2017-03-04 02:09:03'),(27,27,'requested','1974-01-21 11:38:19','2004-01-01 11:16:12'),(28,28,'requested','1974-11-02 21:47:45','1971-04-14 09:43:37'),(29,29,'declined','1985-01-27 07:49:10','1989-03-27 01:09:15'),(30,30,'unfriended','1973-10-05 18:45:20','2014-11-27 14:29:28'),(31,31,'requested','1973-02-18 20:28:42','2019-02-05 03:23:08'),(32,32,'approved','1975-03-05 12:16:13','2000-09-27 07:16:51'),(33,33,'approved','1996-10-11 10:28:59','2020-07-09 13:02:32'),(34,34,'approved','1990-06-06 13:30:43','1976-01-08 13:38:42'),(35,35,'declined','1991-08-16 07:03:40','1979-11-01 05:00:47'),(36,36,'declined','1973-02-13 16:57:18','1977-06-22 07:47:08'),(37,37,'unfriended','2005-10-30 06:47:20','2017-12-06 01:53:08'),(38,38,'unfriended','2016-01-10 05:25:58','1986-03-30 14:52:42'),(39,39,'requested','2011-10-02 02:52:52','1988-12-21 17:03:20'),(40,40,'approved','1998-01-02 05:55:04','1981-12-19 23:07:06'),(41,41,'approved','1987-10-19 04:52:10','1980-10-20 16:41:09'),(42,42,'declined','1976-10-04 13:37:58','1974-12-24 22:38:03'),(43,43,'requested','1974-04-09 20:24:19','1971-05-15 17:38:34'),(44,44,'unfriended','2016-10-06 08:10:01','1993-07-27 09:28:46'),(45,45,'declined','1988-03-01 10:22:40','2009-07-22 08:24:22'),(46,46,'approved','1990-05-26 18:43:40','1990-09-02 10:24:46'),(47,47,'approved','2021-09-19 00:38:18','2007-09-03 18:43:00'),(48,48,'declined','1986-10-12 11:38:05','2003-05-13 19:31:06'),(49,49,'declined','2012-12-18 15:10:56','1975-09-23 02:15:58'),(50,50,'requested','1979-11-04 10:58:00','2005-08-20 06:16:09'),(51,51,'requested','1974-10-05 12:23:50','2006-06-30 02:39:52'),(52,52,'declined','1986-06-03 00:54:52','1977-08-15 16:58:16'),(53,53,'declined','2021-06-09 09:14:37','1974-01-28 06:37:35'),(54,54,'unfriended','1973-05-09 00:17:10','2009-07-13 21:43:07'),(55,55,'approved','2000-04-05 15:58:40','1970-12-27 07:05:24'),(56,56,'unfriended','1980-07-21 09:42:55','1999-10-19 16:44:03'),(57,57,'requested','2012-12-19 04:44:03','1970-08-17 02:16:16'),(58,58,'unfriended','1990-04-02 10:15:07','1986-05-15 18:52:39'),(59,59,'unfriended','1980-07-07 20:25:46','1971-08-02 06:07:49'),(60,60,'unfriended','2021-05-23 13:13:04','2009-08-15 09:43:03'),(61,61,'declined','2015-10-05 07:37:01','2010-11-28 07:16:54'),(62,62,'approved','1986-04-22 22:02:36','2016-02-22 14:33:52'),(63,63,'requested','1999-11-16 03:46:10','1970-06-25 23:29:49'),(64,64,'unfriended','2001-12-23 21:45:33','1997-02-18 16:02:16'),(65,65,'unfriended','1996-11-19 04:57:05','2002-01-15 01:52:45'),(66,66,'approved','1988-08-13 21:35:39','1998-10-14 17:56:19'),(67,67,'approved','1981-08-15 13:53:32','1993-10-16 23:43:38'),(68,68,'approved','1988-06-12 10:38:45','2015-01-09 04:12:07'),(69,69,'approved','2019-10-28 04:02:30','2007-12-01 14:24:42'),(70,70,'declined','2019-12-18 14:04:04','1986-09-26 14:37:07'),(71,71,'unfriended','1983-10-11 10:03:13','2002-06-09 19:32:08'),(72,72,'declined','2004-03-05 03:19:36','2021-03-27 13:13:11'),(73,73,'declined','2014-02-02 15:59:43','1980-07-20 18:07:53'),(74,74,'unfriended','2017-03-25 23:12:40','1977-02-24 22:08:34'),(75,75,'approved','2004-03-26 20:16:21','2011-03-25 07:43:16'),(76,76,'declined','1979-06-03 12:40:49','2012-02-28 19:33:44'),(77,77,'approved','2008-12-17 16:36:43','1980-11-22 13:37:11'),(78,78,'requested','2013-10-28 02:05:37','2003-05-19 17:55:00'),(79,79,'declined','1993-02-07 23:41:46','2017-05-01 10:42:19'),(80,80,'declined','2003-10-31 16:41:33','2004-12-19 13:33:22'),(81,81,'requested','2011-01-14 20:51:17','2000-10-24 13:05:52'),(82,82,'declined','1987-08-02 11:38:03','2018-06-29 10:28:41'),(83,83,'approved','1970-08-04 19:18:29','1972-11-12 20:34:46'),(84,84,'requested','1993-03-21 17:26:48','1996-07-13 22:35:24'),(85,85,'unfriended','1970-05-30 00:31:59','2012-08-22 05:48:37'),(86,86,'requested','2003-08-23 01:02:21','1983-12-07 23:21:56'),(87,87,'unfriended','1987-08-18 16:05:46','1988-12-27 23:26:18'),(88,88,'declined','2006-08-08 05:07:21','2015-05-04 06:19:47'),(89,89,'requested','2004-09-06 00:45:22','1989-11-01 00:24:07'),(90,90,'requested','2017-01-26 00:57:43','2001-08-16 21:33:06'),(91,91,'requested','1975-06-26 01:13:25','1989-05-04 11:08:07'),(92,92,'requested','2006-11-24 11:29:57','1988-12-09 20:42:34'),(93,93,'approved','2007-04-21 11:00:03','2020-10-06 03:51:29'),(94,94,'requested','1998-08-04 13:01:43','1971-08-23 14:28:23'),(95,95,'declined','2020-01-25 08:30:24','2012-02-15 07:19:27'),(96,96,'requested','2010-01-25 15:45:25','2005-02-23 10:53:39'),(97,97,'declined','2019-10-24 07:03:00','2008-09-21 10:26:34'),(98,98,'requested','1973-03-31 11:05:04','1974-07-17 08:53:01'),(99,99,'requested','1997-12-10 21:56:16','1987-04-22 04:11:37'),(100,100,'unfriended','2004-06-30 09:21:30','1976-12-15 09:50:44');
/*!40000 ALTER TABLE `friend_requests` ENABLE KEYS */;
UNLOCK TABLES;

--
-- Table structure for table `likes`
--

DROP TABLE IF EXISTS `likes`;
/*!40101 SET @saved_cs_client     = @@character_set_client */;
/*!40101 SET character_set_client = utf8 */;
CREATE TABLE `likes` (
  `id` bigint(20) unsigned NOT NULL AUTO_INCREMENT,
  `user_id` bigint(20) unsigned NOT NULL,
  `media_id` bigint(20) unsigned NOT NULL,
  `created_at` datetime DEFAULT current_timestamp(),
  PRIMARY KEY (`id`),
  KEY `user_id` (`user_id`),
  KEY `media_id` (`media_id`),
  CONSTRAINT `likes_ibfk_1` FOREIGN KEY (`user_id`) REFERENCES `users` (`id`) ON DELETE CASCADE ON UPDATE CASCADE,
  CONSTRAINT `likes_ibfk_2` FOREIGN KEY (`media_id`) REFERENCES `media` (`id`) ON DELETE CASCADE ON UPDATE CASCADE
) ENGINE=InnoDB AUTO_INCREMENT=101 DEFAULT CHARSET=utf8mb4 COLLATE=utf8mb4_unicode_ci;
/*!40101 SET character_set_client = @saved_cs_client */;

--
-- Dumping data for table `likes`
--

LOCK TABLES `likes` WRITE;
/*!40000 ALTER TABLE `likes` DISABLE KEYS */;
INSERT INTO `likes` VALUES (1,1,1,'1988-08-23 05:14:14'),(2,2,2,'1974-06-29 00:32:50'),(3,3,3,'2011-09-17 14:24:19'),(4,4,4,'2004-11-04 04:55:51'),(5,5,5,'1980-01-23 12:28:48'),(6,6,6,'1997-08-19 18:15:15'),(7,7,7,'1980-07-12 03:33:36'),(8,8,8,'1985-10-29 20:26:30'),(9,9,9,'1998-06-11 14:06:14'),(10,10,10,'1991-04-04 05:26:13'),(11,11,11,'1999-03-30 20:29:26'),(12,12,12,'1982-09-05 07:06:26'),(13,13,13,'2015-12-13 08:32:16'),(14,14,14,'1994-11-10 04:02:21'),(15,15,15,'1973-07-02 10:04:52'),(16,16,16,'2006-03-16 03:30:13'),(17,17,17,'2012-10-04 13:04:05'),(18,18,18,'2011-11-22 12:38:13'),(19,19,19,'2016-09-18 16:51:37'),(20,20,20,'1978-08-30 07:16:44'),(21,21,21,'1995-08-24 02:10:13'),(22,22,22,'2012-12-24 16:05:14'),(23,23,23,'2000-01-11 15:16:11'),(24,24,24,'1991-11-29 02:04:06'),(25,25,25,'1983-11-27 01:51:26'),(26,26,26,'1972-05-02 05:43:00'),(27,27,27,'1981-02-15 00:44:32'),(28,28,28,'1975-06-15 22:37:32'),(29,29,29,'1979-02-08 05:09:21'),(30,30,30,'2009-08-28 07:09:27'),(31,31,31,'2021-11-18 02:03:00'),(32,32,32,'1991-04-13 13:41:53'),(33,33,33,'2015-09-26 04:53:44'),(34,34,34,'2005-07-14 06:19:49'),(35,35,35,'1976-06-08 09:28:33'),(36,36,36,'2012-08-17 06:47:16'),(37,37,37,'1995-05-12 10:40:45'),(38,38,38,'1979-02-27 00:44:18'),(39,39,39,'2013-12-09 05:03:46'),(40,40,40,'2014-07-09 09:24:13'),(41,41,41,'1978-12-01 00:43:04'),(42,42,42,'2016-07-13 21:19:40'),(43,43,43,'1995-03-11 22:51:42'),(44,44,44,'1988-02-08 14:48:33'),(45,45,45,'1977-05-15 06:13:25'),(46,46,46,'2014-11-29 18:55:26'),(47,47,47,'1987-10-18 20:41:36'),(48,48,48,'2005-02-28 15:23:49'),(49,49,49,'1977-10-10 15:27:59'),(50,50,50,'2011-07-17 01:35:29'),(51,51,51,'2003-11-17 05:42:33'),(52,52,52,'1987-01-07 07:00:39'),(53,53,53,'2021-11-14 04:59:01'),(54,54,54,'1972-01-12 11:21:34'),(55,55,55,'1973-11-02 18:41:45'),(56,56,56,'1999-06-25 21:28:47'),(57,57,57,'1978-12-26 20:13:21'),(58,58,58,'2011-11-19 20:44:26'),(59,59,59,'1994-05-22 08:07:05'),(60,60,60,'2020-08-03 05:15:01'),(61,61,61,'2021-04-30 15:02:36'),(62,62,62,'1984-10-23 17:05:51'),(63,63,63,'1983-09-16 07:58:09'),(64,64,64,'2009-08-25 18:04:41'),(65,65,65,'1973-05-28 11:07:16'),(66,66,66,'1977-10-28 22:36:43'),(67,67,67,'1988-07-17 12:53:07'),(68,68,68,'2018-01-26 14:53:04'),(69,69,69,'1981-05-18 12:51:42'),(70,70,70,'1996-11-30 16:37:20'),(71,71,71,'1980-03-13 12:42:39'),(72,72,72,'1992-01-25 20:36:43'),(73,73,73,'2019-03-13 03:30:44'),(74,74,74,'1984-07-09 18:49:29'),(75,75,75,'1975-09-05 22:06:03'),(76,76,76,'2015-06-24 14:32:50'),(77,77,77,'2010-08-11 05:36:10'),(78,78,78,'2012-02-13 19:20:46'),(79,79,79,'1974-12-06 21:34:54'),(80,80,80,'1977-04-15 03:52:01'),(81,81,81,'2000-12-21 20:49:09'),(82,82,82,'2019-01-06 07:25:26'),(83,83,83,'1981-12-25 07:08:51'),(84,84,84,'2019-11-11 15:31:21'),(85,85,85,'1979-12-10 20:44:04'),(86,86,86,'2000-05-27 02:25:25'),(87,87,87,'2007-10-22 04:08:09'),(88,88,88,'1989-12-16 09:04:26'),(89,89,89,'2003-08-18 19:23:42'),(90,90,90,'2015-11-21 22:02:39'),(91,91,91,'2001-08-23 16:28:07'),(92,92,92,'1989-07-08 15:24:43'),(93,93,93,'2001-10-04 20:34:50'),(94,94,94,'1982-08-05 03:50:58'),(95,95,95,'2002-10-10 18:43:48'),(96,96,96,'2005-01-27 01:51:41'),(97,97,97,'1973-08-14 16:05:45'),(98,98,98,'2011-10-18 01:41:02'),(99,99,99,'1982-02-08 03:53:06'),(100,100,100,'1998-03-25 07:50:22');
/*!40000 ALTER TABLE `likes` ENABLE KEYS */;
UNLOCK TABLES;

--
-- Table structure for table `media`
--

DROP TABLE IF EXISTS `media`;
/*!40101 SET @saved_cs_client     = @@character_set_client */;
/*!40101 SET character_set_client = utf8 */;
CREATE TABLE `media` (
  `id` bigint(20) unsigned NOT NULL AUTO_INCREMENT,
  `media_type_id` bigint(20) unsigned DEFAULT NULL,
  `user_id` bigint(20) unsigned NOT NULL,
  `body` text COLLATE utf8mb4_unicode_ci DEFAULT NULL,
  `filename` varchar(255) COLLATE utf8mb4_unicode_ci DEFAULT NULL,
  `size` int(11) DEFAULT NULL,
  `metadata` longtext CHARACTER SET utf8mb4 COLLATE utf8mb4_bin DEFAULT NULL CHECK (json_valid(`metadata`)),
  `created_at` datetime DEFAULT current_timestamp(),
  `updated_at` datetime DEFAULT current_timestamp() ON UPDATE current_timestamp(),
  PRIMARY KEY (`id`),
  KEY `user_id` (`user_id`),
  KEY `media_type_id` (`media_type_id`),
  CONSTRAINT `media_ibfk_1` FOREIGN KEY (`user_id`) REFERENCES `users` (`id`) ON DELETE CASCADE ON UPDATE CASCADE,
  CONSTRAINT `media_ibfk_2` FOREIGN KEY (`media_type_id`) REFERENCES `media_types` (`id`) ON DELETE SET NULL ON UPDATE CASCADE
) ENGINE=InnoDB AUTO_INCREMENT=101 DEFAULT CHARSET=utf8mb4 COLLATE=utf8mb4_unicode_ci;
/*!40101 SET character_set_client = @saved_cs_client */;

--
-- Dumping data for table `media`
--

LOCK TABLES `media` WRITE;
/*!40000 ALTER TABLE `media` DISABLE KEYS */;
INSERT INTO `media` VALUES (1,1,1,'Quaerat ut vitae odio libero tenetur. Doloremque et pariatur doloremque enim ad omnis quod dolorum. Dolores quo ut aut ut voluptatem. Ut sit quia odio incidunt totam nobis pariatur.','et',4,NULL,'1974-12-19 01:02:06','2004-07-31 00:17:25'),(2,2,2,'Autem a sequi consequatur et vel alias sed voluptatibus. Voluptatum culpa et provident occaecati ut. Consequuntur consequatur corporis officiis. Architecto fugiat ex temporibus incidunt sit et et.','odio',0,NULL,'2015-02-13 02:20:06','1990-09-30 17:09:46'),(3,3,3,'Consequatur accusamus eum provident dolores molestiae. Amet accusantium officia molestiae dolorem nobis non. A facere quia laborum molestias laboriosam. Delectus quos fugiat nihil saepe rerum.','dolores',9,NULL,'2007-11-01 17:29:33','2015-04-04 03:23:47'),(4,4,4,'Rerum molestiae velit itaque. Fuga minus rerum unde et optio. Doloribus molestiae sunt quisquam ad id id dolorem. Omnis repellat accusantium reprehenderit voluptatem beatae.','aut',30,NULL,'1999-03-06 05:28:40','1993-06-21 13:04:37'),(5,5,5,'Nulla nihil et labore. Dolore nostrum eum non id in recusandae. Quos numquam sit ullam enim vitae. Et quis voluptatem rerum dolore.','totam',934,NULL,'1975-11-11 03:08:08','1988-06-10 09:33:39'),(6,6,6,'Voluptatem eveniet vero est excepturi. Magnam quo aperiam voluptatum molestias ratione id minima.','repudiandae',56137,NULL,'1985-01-08 14:44:06','1990-11-19 15:12:42'),(7,7,7,'Itaque reprehenderit nisi ipsum aperiam quia. Dolore maiores et voluptatem qui. Et laboriosam est sed in quia nisi.','magni',452710009,NULL,'1971-07-12 19:22:21','2005-03-18 13:37:31'),(8,8,8,'Ea sequi et sint iusto dolor. Quidem ad molestiae dolorem ea nihil rerum nostrum ea. Corrupti quia neque laboriosam explicabo veritatis sequi quis facilis. Architecto qui assumenda assumenda quas qui veniam.','nam',39,NULL,'1972-08-29 23:32:00','1995-11-04 12:56:56'),(9,9,9,'Nesciunt magni est et nostrum eos quo. Sunt vel laboriosam sint fugiat. Ut qui blanditiis non autem. Est qui aspernatur quia culpa dolores aut aspernatur.','reiciendis',4357,NULL,'1988-03-22 19:20:09','2017-07-19 05:10:38'),(10,10,10,'Fuga id tempore esse et repellendus corrupti laborum et. Odit doloribus iure libero officia. Eos ex soluta dolorem ut ut ut sint.','aliquam',4686,NULL,'2021-11-24 11:26:44','1979-03-13 23:15:40'),(11,11,11,'Odit dolorem explicabo rem id. Quia ea nesciunt quidem velit omnis. Consequuntur sit a ut. Non facere aut placeat vel ut accusantium molestiae officia. Ut et eaque et odio qui consequatur eos.','modi',79,NULL,'1982-01-08 14:06:21','1984-06-24 23:41:22'),(12,12,12,'Sed eveniet dolor alias laborum consequatur. Sit veritatis sed non quis. Explicabo ipsum molestiae et facilis voluptatibus possimus laudantium quia.','expedita',471581690,NULL,'2011-10-12 23:51:01','1985-11-25 08:21:33'),(13,13,13,'Beatae voluptatem asperiores sed ab cum nemo expedita. Soluta et blanditiis aut et error perferendis delectus. Alias quod numquam nulla.','inventore',58927,NULL,'2020-11-09 20:26:38','1973-04-04 04:08:31'),(14,14,14,'Quasi earum autem quae sed voluptatem neque distinctio sunt. Eveniet quo similique esse sequi. Ipsa id eius eum esse. Autem repudiandae sint dicta. Non minus odit dolores commodi.','a',51465,NULL,'1976-11-02 11:43:08','1999-08-22 02:45:10'),(15,15,15,'Repellendus ipsa cumque fuga ea occaecati. Sint ipsam natus nulla ratione totam doloribus impedit. Aperiam error a dolorem rerum. Sunt eum modi dolorem officiis itaque est quo.','rerum',4405018,NULL,'1973-01-25 17:55:36','2015-05-07 22:15:08'),(16,16,16,'Magnam praesentium distinctio et voluptatum aut explicabo cumque. Reprehenderit nulla et adipisci rem in. Nemo et dolores mollitia ut quo voluptatem.','quam',88,NULL,'2001-06-26 23:37:57','1998-09-28 10:48:22'),(17,17,17,'Sunt rerum aut deserunt totam accusamus et sed. Dolorem nihil nemo occaecati. Eum id quia eum quam harum. Sit natus est earum nihil.','voluptatem',93990508,NULL,'1991-08-26 16:21:17','1970-04-23 05:44:35'),(18,18,18,'Omnis eos voluptates sunt totam. Nisi dolorem sunt voluptates culpa iusto et iure nisi. Molestias quia dolores autem. Consequatur quibusdam assumenda ipsa expedita nemo dolor earum. Dolor omnis voluptatem in doloremque quibusdam.','harum',53202090,NULL,'1991-05-22 14:23:57','1994-10-15 23:04:39'),(19,19,19,'Iusto nihil a vero. Quas molestias fugit facere voluptas et. Dolorem omnis et aperiam ad quos itaque. Est est ipsum earum ipsam.','sed',3399,NULL,'2015-01-11 06:34:29','1986-11-13 10:03:07'),(20,20,20,'Possimus quo expedita aut iste nemo. Quam magnam distinctio dolore modi omnis sapiente cum. Nam provident et molestias non. Quidem suscipit illo molestiae sint natus reprehenderit repellendus.','quo',886,NULL,'1984-09-17 23:35:52','1982-10-16 22:06:40'),(21,21,21,'Quos est placeat voluptas. Qui omnis dolorum odio porro. Asperiores et quam nostrum repellat reprehenderit. Qui dolore nesciunt optio id officia quod.','eveniet',9835,NULL,'2009-11-13 08:54:06','1970-08-18 22:08:28'),(22,22,22,'Dolorem itaque qui qui sed quasi assumenda. Quam voluptas voluptatem similique quia labore omnis sequi. Deserunt laudantium iusto et eum quas velit. Veritatis quia quo dolorem voluptatem dolor et.','sit',0,NULL,'2010-11-06 00:44:28','1977-01-29 14:21:59'),(23,23,23,'Voluptatem perferendis assumenda nihil. Voluptas maiores error ut tenetur. Sed eveniet rem in et et laborum ut. Non id dolores minus fuga eum id saepe.','aliquid',12564,NULL,'2009-10-20 17:46:28','2014-11-09 21:34:01'),(24,24,24,'Ea est occaecati voluptates. Qui qui qui ut qui sed dolores rerum. Consectetur at autem est eum explicabo quas. Eum fugit voluptatum nisi laborum tenetur atque rem.','eos',5,NULL,'1985-02-12 18:54:02','1979-11-07 10:14:07'),(25,25,25,'Iure possimus dignissimos nihil ut qui qui illum. Eos et ex voluptas praesentium quod velit. Consequatur aut quia dicta neque.','qui',3,NULL,'2021-05-13 17:29:28','2002-12-31 13:52:38'),(26,26,26,'Ut modi voluptatem eum id pariatur est. Tempore et libero voluptates necessitatibus. Harum ab quo non voluptatum tenetur minima porro.','ut',69,NULL,'1988-08-11 05:51:10','2009-02-19 08:47:32'),(27,27,27,'Perspiciatis deleniti quibusdam iste temporibus nobis. Quaerat soluta delectus id nihil voluptas. Est corrupti sit quidem non id. Modi modi eius saepe non facilis.','sit',172,NULL,'2021-01-28 07:14:45','2016-06-29 03:35:58'),(28,28,28,'Maxime nobis et at laboriosam in ut. Qui non repudiandae dicta sed. Fugit nulla velit commodi unde reiciendis molestias. Rerum magni quaerat sunt dolores qui.','consequatur',99,NULL,'1981-03-07 13:41:20','2013-07-01 08:52:02'),(29,29,29,'Qui vero nisi et nihil veritatis. Culpa ut et sit non ut et excepturi. Explicabo et culpa error saepe suscipit. Libero voluptatibus ea qui et sit eos sunt.','esse',66256244,NULL,'2002-10-13 02:47:13','1996-06-11 20:12:33'),(30,30,30,'Quia ipsum consequuntur accusantium illo perspiciatis aut. Nostrum rerum excepturi aut quae.','voluptates',80343,NULL,'1986-09-18 03:20:44','1999-05-30 02:23:57'),(31,31,31,'Nisi molestiae perspiciatis accusantium et fuga sit dolorem. Tempora dignissimos ut repudiandae consequatur nihil odio ut.','ea',6,NULL,'2008-09-10 18:12:02','2020-08-03 06:45:13'),(32,32,32,'Eveniet quia amet itaque est iste aut sequi. Illum quia eos excepturi. Quae qui rerum praesentium aut.','quaerat',94619,NULL,'1972-10-11 17:30:27','2006-03-14 04:59:31'),(33,33,33,'Aut magnam in aut numquam. Velit magni eligendi perferendis repellendus quia molestiae. Qui ut temporibus id maxime rem cum provident. Recusandae et excepturi voluptatem harum qui rerum.','nobis',267,NULL,'1982-11-10 22:06:09','2001-08-07 05:07:42'),(34,34,34,'Eos qui sint harum atque sed ut accusantium. Autem odio vel blanditiis non aliquid alias voluptas. Inventore velit ab fugit. Dicta dicta ex tempora earum magni.','eos',552446,NULL,'2008-05-15 16:36:38','1974-12-31 04:23:49'),(35,35,35,'Maiores sit perferendis quia rerum enim veritatis debitis. Dicta tempore natus voluptatem sint quia qui. Et est quis sed minus est harum aperiam.','non',15756,NULL,'1981-02-04 14:50:05','1975-01-15 20:39:27'),(36,36,36,'Est voluptatem rem ut sed. Laborum nesciunt earum voluptatem nisi. Perspiciatis aut ducimus accusamus dolorem rerum. Cum commodi sint ullam consequatur non molestiae neque.','qui',7346,NULL,'2004-09-11 08:56:09','2003-03-19 22:22:44'),(37,37,37,'Fuga quia maxime qui sit exercitationem voluptates. Non molestiae quisquam voluptas molestias culpa nemo maxime eum. Velit nihil nihil temporibus.','reprehenderit',58796,NULL,'1996-02-03 12:08:08','1985-12-21 00:42:51'),(38,38,38,'Eius magnam consequatur facere voluptate rerum. Enim ullam culpa assumenda. Molestiae soluta debitis itaque omnis quod. Modi nam tenetur voluptatibus eaque et dolor.','ex',72202352,NULL,'1973-12-19 00:57:27','2005-01-26 23:56:42'),(39,39,39,'Debitis sapiente quidem magnam exercitationem illo eligendi mollitia. Vel voluptatem voluptas quisquam quo atque deleniti. Fugiat esse saepe facere aliquam est. Nam mollitia consequatur delectus suscipit dignissimos impedit aut.','nemo',234,NULL,'2014-04-27 08:45:03','1973-12-09 07:10:27'),(40,40,40,'Facilis ut vel fugiat ut labore. Facilis ratione nulla minus atque saepe reprehenderit adipisci. Fugit aut quos ab quo. Sed itaque cumque et recusandae accusantium.','voluptatem',5,NULL,'2012-02-17 12:53:06','2002-03-14 01:35:11'),(41,41,41,'Delectus nulla nesciunt rerum velit. At officiis illo explicabo quibusdam quia. Quis molestias doloribus quis molestiae non quasi.','repellendus',832,NULL,'1984-02-18 06:48:03','1976-01-13 03:50:17'),(42,42,42,'Aut recusandae voluptas et rem aspernatur modi deserunt. Consequatur odio sunt officia ab.','quis',486489751,NULL,'1989-07-04 01:24:17','1977-01-12 09:22:02'),(43,43,43,'Quos dicta totam quisquam voluptas. Rerum aut sed voluptate error sed. Amet pariatur porro assumenda cum ad explicabo. Et quibusdam incidunt blanditiis ea neque ea amet.','rerum',527822,NULL,'2019-03-04 08:29:21','1975-08-27 19:20:06'),(44,44,44,'Et excepturi sint a consequatur dicta. Officia quia ut amet velit ut assumenda autem ut. Molestiae blanditiis hic repudiandae qui ut harum.','aut',7151772,NULL,'1982-10-15 18:44:25','1979-06-29 22:11:31'),(45,45,45,'Earum ea debitis nesciunt qui laudantium corporis. Cum et ipsa iure blanditiis quis et et. Soluta quibusdam cupiditate quod quis omnis eius. Vel dolorem minus eius quis libero non aspernatur.','accusamus',7,NULL,'1983-04-08 14:20:57','2010-11-21 17:59:11'),(46,46,46,'Sunt possimus repellendus quae suscipit architecto voluptates aut vero. Exercitationem minus est doloremque libero nihil non. Harum est esse odio ab.','perferendis',19,NULL,'2003-10-19 12:05:28','2021-10-12 15:58:55'),(47,47,47,'Sint aspernatur sunt qui hic. Quae ut laborum et vel rerum omnis consectetur. Odio quibusdam consectetur nihil dolorem cumque amet unde. At provident aliquam id voluptatum voluptates.','modi',96283,NULL,'2000-11-06 22:28:10','1974-05-20 01:09:32'),(48,48,48,'Iusto aut laudantium veritatis aut. Et asperiores occaecati perferendis sunt minima est praesentium. Reiciendis consequatur doloribus sunt eligendi quo ut error voluptas.','et',297434,NULL,'1998-12-03 09:20:43','2006-02-26 08:52:36'),(49,49,49,'Impedit aut odio harum eveniet iusto non assumenda quasi. Non quia iusto sit molestias doloribus quia repellendus. Vel deleniti mollitia laborum corporis atque id velit. Aut et dolorum eum eum.','sint',5017253,NULL,'2021-08-20 18:51:00','1977-11-26 05:10:17'),(50,50,50,'Nihil accusantium pariatur doloribus est similique. Necessitatibus non aliquam ad facere cupiditate facilis praesentium.','totam',0,NULL,'1970-06-12 00:01:23','2014-08-25 21:26:56'),(51,51,51,'Expedita dignissimos libero quisquam assumenda. Quia explicabo recusandae sit culpa ducimus. Officia quidem veritatis soluta vero suscipit laudantium expedita. Magnam porro facilis et enim.','sunt',686640,NULL,'1979-01-04 11:19:38','2012-03-31 20:29:40'),(52,52,52,'Hic possimus hic consequatur. Dignissimos dolore incidunt ea animi natus eveniet rem. Perferendis vero adipisci sit molestias soluta ea ut. Et officia quia accusamus voluptatem. Voluptates qui dolorem cum eum minus omnis quas.','facere',894,NULL,'2010-08-22 11:15:24','1983-08-07 00:00:41'),(53,53,53,'Atque dolores omnis qui reprehenderit molestiae tempore velit. Esse autem praesentium quia quod aut. Dolor aut dolores earum mollitia qui temporibus earum.','est',55403053,NULL,'1993-06-16 06:35:25','1979-09-27 02:48:05'),(54,54,54,'Iusto sed cumque cum excepturi. Voluptatem quia dicta facere commodi autem doloribus qui. Voluptate voluptatem vitae sit quos beatae. Corrupti dolorem quae voluptatem quasi voluptatem consequuntur sit.','vitae',739092723,NULL,'2001-09-12 11:35:25','1994-10-24 13:26:45'),(55,55,55,'Ut labore unde sed eveniet. Possimus ea quis eligendi molestias facilis ea nulla. Mollitia at aliquam quia corrupti molestias quo.','qui',75,NULL,'2009-03-24 18:37:31','2009-12-17 16:34:38'),(56,56,56,'Ullam officiis quam similique atque possimus. Laborum error rerum soluta. Id nihil sint magnam sapiente quasi in et placeat.','ut',273264,NULL,'1997-09-23 20:13:47','1971-07-09 11:08:49'),(57,57,57,'Non est iste quia id rerum et unde. Consequatur vitae et voluptas eum libero rerum. Vel et alias ducimus totam molestias.','doloribus',6795656,NULL,'1995-01-05 14:25:00','2011-08-26 18:40:21'),(58,58,58,'Nobis officia quia quo occaecati. Possimus odit sint possimus. Omnis tempore temporibus ad aut. Distinctio autem minima et.','ut',108422760,NULL,'2016-08-13 12:40:05','1990-06-05 13:22:43'),(59,59,59,'Repellendus tempore et minima ut. Nihil veniam est atque tempora. Earum tenetur quia qui necessitatibus numquam.','cupiditate',626,NULL,'2000-07-31 14:01:48','1977-02-21 00:18:40'),(60,60,60,'Adipisci et consequatur ad magnam. Numquam ipsam magnam qui eos. Aut nam corporis perspiciatis ullam. Culpa eum cupiditate dolor inventore architecto sunt.','nam',9246,NULL,'2016-11-04 00:48:06','2012-04-13 18:22:22'),(61,61,61,'Recusandae ad qui quibusdam mollitia velit officiis. Iste illum omnis eveniet unde fuga iusto. Accusamus ut consectetur officiis quo fugiat magni blanditiis.','est',171823,NULL,'1997-05-06 04:50:35','2021-03-11 04:24:14'),(62,62,62,'Et sint repellat nam non aut et. Aut modi error quod labore expedita reprehenderit accusantium. Voluptatum modi vel cumque est aut odit consequatur. Nihil deserunt voluptatem distinctio ducimus temporibus voluptas.','laboriosam',1437,NULL,'1992-05-14 18:46:17','1995-09-06 10:44:57'),(63,63,63,'Et incidunt illum sint quidem in sunt quia est. Cumque voluptas ut quia excepturi animi sequi facere. Et tenetur animi enim ut tempora eaque.','animi',55243,NULL,'1986-12-06 19:40:49','1989-03-04 01:52:02'),(64,64,64,'In expedita omnis nulla sequi illum reprehenderit rerum. Facilis natus quia et tempore nihil commodi.','aliquid',0,NULL,'2014-02-05 15:44:35','1995-08-06 06:04:31'),(65,65,65,'Quia quaerat rerum molestias qui consequatur aliquid laudantium. Tenetur aspernatur quae explicabo. Nesciunt amet aut sint dolorum ducimus. Magnam vel qui nihil.','occaecati',316,NULL,'2018-08-12 11:01:43','2008-01-21 06:14:34'),(66,66,66,'Rerum reprehenderit facilis minima facere possimus hic. Quo rerum et molestias in doloremque quae. Saepe quidem minus ullam sunt at nisi omnis. Eum nihil ut voluptas sint maxime.','nulla',1,NULL,'1975-03-13 17:43:20','2002-11-10 18:15:39'),(67,67,67,'Sit modi et vero et. Debitis dolorem aperiam nostrum et excepturi animi. Est numquam beatae sed fugit officia rem similique. Voluptates placeat sed ea fugit minus unde sequi. Cumque nisi molestiae doloremque omnis voluptatem unde repudiandae praesentium.','culpa',802279846,NULL,'1992-09-30 07:15:19','1996-08-26 20:24:41'),(68,68,68,'Eligendi rerum ipsa deleniti et. Eaque et qui animi quia modi. Illo cumque quia qui ut possimus ex maiores aut.','perferendis',7,NULL,'2001-08-16 06:09:20','1974-10-22 20:16:59'),(69,69,69,'Animi molestiae incidunt non eius eum quia. Consequatur consequuntur doloribus cupiditate ducimus nihil velit. Animi rerum quo et enim est qui neque. Est ducimus labore aut voluptatem voluptatem corrupti.','praesentium',0,NULL,'2021-05-01 23:26:17','1982-08-22 17:48:27'),(70,70,70,'Sed accusamus nihil minima id ut ut veritatis. Cumque cupiditate sint et sunt sunt. Quidem id perspiciatis itaque ut reiciendis. Quisquam qui recusandae voluptatem inventore magnam doloremque similique.','doloremque',9,NULL,'1999-09-15 10:03:40','1983-08-17 10:38:38'),(71,71,71,'Ipsa quis laudantium eius quasi dignissimos in. A porro culpa dolorem minus officiis dignissimos. Nobis eligendi deleniti dolores minima eaque.','laudantium',42,NULL,'1979-12-16 22:51:37','1999-12-04 15:10:28'),(72,72,72,'Consequatur dolor ad ipsum officia perferendis eaque harum. Non est odio odio quae quasi quae error. Fugiat quia hic modi.','aspernatur',52227,NULL,'2018-08-28 18:57:36','1989-06-21 03:33:50'),(73,73,73,'At necessitatibus quam voluptate ut porro. Est sed unde qui voluptatem quibusdam. Id aut exercitationem rerum.','non',41343,NULL,'1998-01-11 04:59:14','2011-01-12 09:39:35'),(74,74,74,'Ipsam in commodi commodi quas. Laboriosam rem at et soluta impedit libero non. Natus non recusandae aut sint perferendis. Amet ullam quis earum tempore vitae. Omnis voluptatem aperiam voluptas asperiores.','iste',9878674,NULL,'2009-11-02 00:17:54','2010-08-20 23:35:28'),(75,75,75,'Et incidunt aliquam sit velit nobis animi a. Delectus voluptas et est nisi debitis. Sit sapiente at deleniti. Vitae excepturi sit eligendi.','nihil',24223,NULL,'2007-07-16 13:25:35','1992-08-27 03:47:57'),(76,76,76,'Ipsum recusandae eum et ea voluptatibus. Necessitatibus veniam corporis ex rerum in et cupiditate. Quibusdam ut in atque. Laborum et laudantium in sed.','at',13020868,NULL,'1994-04-01 21:42:21','1984-07-18 21:11:32'),(77,77,77,'Provident labore et eveniet dolor. Quia doloremque occaecati quasi quidem. Dolore voluptatem quibusdam dolor voluptate ut. Velit atque aliquam perspiciatis dignissimos magni totam porro.','ducimus',76813313,NULL,'2007-10-18 20:58:12','1994-10-07 08:23:42'),(78,78,78,'Fugiat rerum blanditiis et. Optio cumque vel velit voluptas est in aliquid. Aliquid molestias voluptas sed incidunt aliquam. Eius qui doloremque a ea cupiditate suscipit.','autem',7,NULL,'1988-10-27 00:12:26','2011-07-10 15:48:28'),(79,79,79,'Ut voluptatem quo sit temporibus omnis quis magnam non. Impedit blanditiis illo molestiae rem incidunt. Blanditiis corrupti veritatis reiciendis a.','ea',207458,NULL,'2005-09-21 06:39:03','1991-04-13 06:57:09'),(80,80,80,'Adipisci qui itaque molestiae et cum. Quia at laboriosam suscipit. Voluptatem dolorem quasi ea aliquam recusandae.','ad',0,NULL,'2002-12-23 08:35:32','1971-02-11 00:57:43'),(81,81,81,'Itaque distinctio voluptatum et nihil. Voluptas eaque sed sed aut est. Veritatis id atque voluptatum labore nihil. Tenetur aut laudantium beatae eaque.','iure',807847,NULL,'1978-04-27 18:42:29','2020-06-12 02:20:54'),(82,82,82,'Neque non sit dolorum laudantium. Iste earum sunt ratione laboriosam sit molestiae cupiditate.','ut',0,NULL,'1974-07-17 19:17:01','2019-06-09 10:44:27'),(83,83,83,'Facilis rerum nulla vitae quia neque itaque. Nulla aliquam ex qui vitae fugit quas. Necessitatibus optio vel error nulla dolor temporibus. Blanditiis officiis assumenda corrupti dignissimos natus aspernatur. Voluptatum maxime architecto veniam quisquam.','et',61765,NULL,'1972-11-16 10:15:43','2008-02-01 02:34:30'),(84,84,84,'Eius quam autem accusamus aperiam sed dolores. Quis et autem dolorem quo ut dolor sint. Quos ut voluptatum odit perferendis inventore.','ut',0,NULL,'1985-06-16 23:53:08','1988-09-06 06:55:41'),(85,85,85,'Pariatur ut laborum accusamus rerum quia inventore commodi. Asperiores perferendis quo et quam eligendi dolore minima. Repudiandae incidunt possimus molestiae quidem.','quis',629,NULL,'2016-10-03 10:40:03','1999-04-21 18:22:13'),(86,86,86,'Adipisci tempore qui voluptatem enim autem. Ipsam inventore sed enim id. Aut fugiat quia omnis dignissimos et occaecati quos voluptatem. Assumenda nam optio explicabo quo.','velit',6217,NULL,'2014-09-15 03:24:20','2021-07-03 13:50:01'),(87,87,87,'Culpa maxime odio dicta nihil voluptas nobis ex. Vel illum soluta consequatur porro. Excepturi dolorem aut similique quas quis expedita doloremque.','culpa',3,NULL,'1985-06-20 19:01:59','2013-02-04 06:17:22'),(88,88,88,'Eum eius aliquam rerum voluptatem. Magni quod cumque corrupti qui temporibus blanditiis sed. Delectus aperiam vero magnam quia eos quia voluptatibus commodi. Voluptatem sequi consequuntur ab voluptatem ducimus quia. Et odio et eveniet atque.','sed',63617289,NULL,'1985-04-29 17:18:32','1994-05-11 19:00:02'),(89,89,89,'Necessitatibus et minus reiciendis blanditiis. Asperiores nihil provident impedit enim corrupti perferendis voluptas. Dignissimos omnis eius quia nobis cum accusamus dolorem.','labore',405517,NULL,'2003-06-21 13:32:19','2014-09-20 09:14:56'),(90,90,90,'Libero qui a similique distinctio vel sunt ducimus ut. Exercitationem consectetur exercitationem molestias corporis nisi quibusdam ut. Quasi aliquid deserunt aliquid quam non.','fugiat',550817,NULL,'1989-05-19 20:43:27','1994-06-22 23:35:55'),(91,91,91,'Dolore quas nostrum omnis doloremque atque accusamus rerum. Quis quis cumque est consequatur. Cupiditate fugit velit blanditiis nihil.','totam',1,NULL,'1980-02-02 11:59:24','1971-11-14 07:47:13'),(92,92,92,'Adipisci commodi sed ut et eligendi. In minima nulla sed est natus. Nobis doloribus id et eveniet totam non sapiente. Placeat voluptas error et quisquam perspiciatis eos in necessitatibus.','consequuntur',34,NULL,'2018-05-07 14:28:31','2005-06-14 02:30:48'),(93,93,93,'Quia autem est pariatur. Necessitatibus enim dolore at neque rerum est voluptatem nostrum. Qui odit et temporibus nesciunt. Sed quisquam repudiandae dolore sed et quas ipsam.','perspiciatis',9718110,NULL,'2001-05-09 13:40:03','1977-04-27 08:06:07'),(94,94,94,'Error ad repellendus ut laboriosam autem repellat. Omnis alias amet voluptatem fugit deleniti. Sit est quo qui consequatur ipsum placeat animi.','enim',9646,NULL,'2011-11-15 15:11:24','1993-02-11 23:39:20'),(95,95,95,'Nostrum blanditiis et ratione. Est non consectetur et eos enim eum quia. Blanditiis repellat assumenda commodi tenetur autem odit eveniet. Recusandae autem assumenda veniam.','qui',77,NULL,'1989-08-11 17:57:49','1999-12-27 02:30:18'),(96,96,96,'Eum dolorem et voluptatem est iusto dignissimos impedit. Ducimus quis et quibusdam totam. Qui et nostrum a eaque et. Aut laboriosam non accusamus doloribus odio omnis dicta.','voluptas',549017,NULL,'1990-11-23 20:17:18','1979-05-09 09:25:37'),(97,97,97,'Quas officia sunt enim quis sit. Aut et esse ipsa adipisci. Illum corporis voluptatibus corporis consequatur itaque optio quaerat.','similique',5207,NULL,'1975-04-28 03:52:31','1972-09-17 10:32:53'),(98,98,98,'Impedit sit molestiae qui nobis suscipit. Est sit suscipit assumenda rerum. Fugit aut cumque quidem et inventore labore. Occaecati quo nulla inventore vel eos velit asperiores est. Perspiciatis libero sint ut accusantium aut reprehenderit.','quaerat',629152,NULL,'1987-11-04 01:56:19','2010-05-03 06:28:41'),(99,99,99,'Aut iusto voluptatem dolore aliquam quam architecto. Tempore nulla quo nam accusamus voluptatem incidunt. Dignissimos nesciunt laudantium inventore quia nesciunt.','molestiae',746481,NULL,'2017-03-09 15:24:16','1997-06-13 10:22:00'),(100,100,100,'Porro et eos commodi necessitatibus sint quaerat aut. Voluptatem culpa consequatur hic facilis aspernatur deserunt totam. Accusamus placeat officiis voluptatem accusamus eaque. Adipisci exercitationem a et sed corrupti.','sed',1,NULL,'1971-06-03 01:07:44','1994-07-31 19:16:37');
/*!40000 ALTER TABLE `media` ENABLE KEYS */;
UNLOCK TABLES;

--
-- Table structure for table `media_types`
--

DROP TABLE IF EXISTS `media_types`;
/*!40101 SET @saved_cs_client     = @@character_set_client */;
/*!40101 SET character_set_client = utf8 */;
CREATE TABLE `media_types` (
  `id` bigint(20) unsigned NOT NULL AUTO_INCREMENT,
  `name` varchar(255) COLLATE utf8mb4_unicode_ci DEFAULT NULL,
  `created_at` datetime DEFAULT current_timestamp(),
  `updated_at` datetime DEFAULT current_timestamp() ON UPDATE current_timestamp(),
  PRIMARY KEY (`id`)
) ENGINE=InnoDB AUTO_INCREMENT=101 DEFAULT CHARSET=utf8mb4 COLLATE=utf8mb4_unicode_ci;
/*!40101 SET character_set_client = @saved_cs_client */;

--
-- Dumping data for table `media_types`
--

LOCK TABLES `media_types` WRITE;
/*!40000 ALTER TABLE `media_types` DISABLE KEYS */;
INSERT INTO `media_types` VALUES (1,'et','1999-03-26 09:18:29','1998-10-26 03:41:13'),(2,'sit','1982-06-22 19:44:40','2016-04-15 01:29:51'),(3,'ipsa','2009-04-22 15:19:48','2004-04-01 02:01:30'),(4,'voluptates','2010-09-09 20:09:52','2009-07-02 18:30:23'),(5,'adipisci','1974-11-15 18:39:35','1976-05-21 05:24:59'),(6,'enim','1980-03-05 06:59:23','1985-02-23 02:48:42'),(7,'nam','1999-02-07 02:28:39','1982-10-10 00:33:57'),(8,'vel','2006-01-14 23:00:18','2021-05-27 17:45:08'),(9,'qui','2000-10-04 11:26:09','2002-09-20 21:46:54'),(10,'aut','1982-10-05 15:27:15','1984-06-14 23:00:38'),(11,'illum','1995-04-18 04:42:37','2012-08-14 05:52:36'),(12,'ullam','2001-02-06 00:03:02','2017-07-09 10:43:36'),(13,'nihil','2003-10-03 13:23:38','2004-11-30 13:43:53'),(14,'ullam','2016-09-18 06:30:51','2002-05-02 03:03:59'),(15,'quod','2002-03-04 22:33:20','2002-02-02 13:53:50'),(16,'corrupti','2012-12-23 04:18:37','1994-12-10 00:08:41'),(17,'eum','2002-03-03 16:40:54','2016-03-06 21:56:43'),(18,'sequi','1982-03-30 02:00:01','1996-08-22 06:03:45'),(19,'consectetur','2007-03-03 10:00:53','1986-03-13 11:50:33'),(20,'perferendis','1980-01-27 02:39:02','2008-04-22 16:31:16'),(21,'beatae','1998-12-12 23:57:50','2005-10-14 02:57:34'),(22,'quis','1981-04-12 18:40:10','2003-06-11 06:08:17'),(23,'blanditiis','2003-11-06 22:05:26','2008-09-22 01:30:04'),(24,'eveniet','1970-04-09 15:57:24','1992-11-15 17:08:30'),(25,'omnis','2005-08-04 15:18:01','1996-09-30 20:49:09'),(26,'sit','1972-12-25 06:51:16','2005-01-04 05:33:11'),(27,'aut','1994-06-09 00:54:44','2001-12-12 18:18:16'),(28,'adipisci','1988-10-18 00:20:47','2010-03-15 14:12:19'),(29,'aspernatur','2013-09-05 15:57:34','2017-11-16 20:28:43'),(30,'omnis','1979-07-28 21:37:06','1993-05-15 13:44:25'),(31,'consequatur','2009-07-14 11:35:38','2016-01-03 04:35:50'),(32,'impedit','1970-10-02 15:23:50','1994-05-14 08:26:22'),(33,'et','2017-11-15 21:19:56','1980-04-10 03:45:26'),(34,'et','1991-09-03 20:53:52','2020-09-01 02:39:49'),(35,'vitae','1996-06-19 09:32:20','1984-11-03 19:27:02'),(36,'quo','1971-07-22 06:36:50','2007-01-25 04:45:33'),(37,'magni','2016-08-30 00:44:21','1971-04-16 11:09:17'),(38,'quibusdam','2011-11-19 17:43:35','2014-01-07 20:16:33'),(39,'eius','1980-10-10 23:05:11','2009-01-02 10:48:33'),(40,'sit','2006-10-09 23:34:49','2001-01-22 07:49:14'),(41,'rerum','1988-03-18 08:11:53','1989-01-24 12:35:10'),(42,'a','2002-11-22 08:09:12','2005-03-09 05:49:11'),(43,'quia','2006-08-08 11:33:14','2016-03-11 06:55:16'),(44,'sed','1978-08-11 19:43:54','1972-12-29 20:23:26'),(45,'vitae','1975-09-11 08:34:05','1993-07-25 09:33:08'),(46,'eum','2007-07-21 16:17:29','1988-05-16 10:58:47'),(47,'molestiae','1978-09-28 17:06:04','1983-03-09 19:38:51'),(48,'aut','1984-12-22 15:29:38','2020-01-23 03:50:24'),(49,'ea','2014-06-28 20:35:53','1990-03-02 06:53:01'),(50,'tempora','2019-02-17 11:04:39','1994-11-13 09:38:48'),(51,'officiis','1972-09-24 23:06:04','2003-09-19 22:55:48'),(52,'aliquid','1997-05-21 07:33:12','1974-06-04 13:02:52'),(53,'tempore','1988-06-18 04:50:37','1991-01-15 09:58:29'),(54,'sit','1994-07-12 18:04:52','1993-12-22 18:48:46'),(55,'quia','1986-10-10 02:59:01','2019-06-06 03:26:57'),(56,'quod','1978-10-04 22:21:28','1996-12-30 03:44:44'),(57,'magnam','1972-06-02 22:23:27','2013-10-04 07:31:55'),(58,'qui','2020-06-21 23:10:30','2006-06-30 07:24:52'),(59,'non','2010-10-02 14:52:33','2008-07-19 05:10:03'),(60,'facilis','1989-06-20 21:35:54','1992-05-16 14:23:44'),(61,'tempore','2014-06-01 08:17:25','1979-06-13 07:22:42'),(62,'omnis','2018-09-06 06:26:36','1975-06-15 17:21:55'),(63,'ipsa','2010-06-21 20:55:18','1976-02-17 07:14:00'),(64,'dolore','1985-04-14 14:09:03','1976-01-21 00:38:12'),(65,'facere','1990-01-02 10:35:13','1983-10-08 04:07:41'),(66,'ut','2019-12-15 17:27:27','1999-01-14 02:08:54'),(67,'enim','1981-12-22 20:27:00','1997-12-25 00:32:47'),(68,'asperiores','1970-04-06 21:50:05','2006-06-28 23:48:45'),(69,'rerum','1990-10-25 02:18:49','2007-06-18 02:01:52'),(70,'aut','1978-05-23 01:18:12','1970-10-10 12:57:54'),(71,'repellendus','1987-07-30 12:50:29','2008-03-20 09:47:50'),(72,'nihil','2017-06-07 10:47:17','1974-01-20 05:49:02'),(73,'commodi','1978-03-01 10:06:11','1973-11-08 21:33:15'),(74,'reprehenderit','2008-10-21 16:24:21','1985-04-03 14:59:53'),(75,'cumque','2001-08-08 04:25:00','2005-08-30 05:51:29'),(76,'alias','2008-10-02 12:42:42','1977-08-12 05:49:52'),(77,'blanditiis','1988-03-21 08:08:55','2000-11-29 08:46:11'),(78,'et','1980-06-25 06:16:47','2021-04-30 10:57:51'),(79,'eum','1971-12-02 18:17:38','1973-06-28 07:52:27'),(80,'harum','1978-05-11 13:44:57','2016-09-22 08:53:16'),(81,'fugit','2017-12-18 23:49:32','2015-01-15 19:25:50'),(82,'velit','1976-02-29 05:31:17','2020-12-07 05:44:57'),(83,'architecto','2013-04-07 18:45:13','2021-07-09 21:04:22'),(84,'deserunt','2010-12-20 23:37:45','1990-12-19 09:29:34'),(85,'itaque','1987-03-07 03:46:38','2001-10-18 11:49:07'),(86,'qui','2000-05-19 02:22:38','1983-01-17 16:13:38'),(87,'molestias','1997-06-18 17:27:28','2013-05-28 17:12:13'),(88,'modi','2011-10-16 02:57:45','2001-12-27 11:05:27'),(89,'magnam','1993-08-07 00:36:05','1985-05-16 02:18:12'),(90,'mollitia','1984-07-17 14:57:05','2012-05-02 07:04:13'),(91,'dolor','1982-12-23 05:10:59','1990-11-21 07:36:26'),(92,'blanditiis','1988-06-24 09:25:43','1992-04-30 13:46:02'),(93,'cum','2009-06-23 10:03:33','1977-12-10 16:30:01'),(94,'dolores','2012-04-03 15:12:51','2002-03-03 10:07:37'),(95,'hic','1985-04-29 17:57:12','2017-07-31 08:58:40'),(96,'sit','1997-10-17 18:44:43','1971-02-25 15:07:41'),(97,'cum','2000-10-18 17:54:44','1994-03-20 05:32:09'),(98,'non','2015-03-21 09:48:19','1991-07-03 09:41:49'),(99,'provident','2018-06-17 23:18:51','1982-01-02 05:30:34'),(100,'voluptates','1981-12-17 13:56:43','2003-02-20 12:55:22');
/*!40000 ALTER TABLE `media_types` ENABLE KEYS */;
UNLOCK TABLES;

--
-- Table structure for table `messages`
--

DROP TABLE IF EXISTS `messages`;
/*!40101 SET @saved_cs_client     = @@character_set_client */;
/*!40101 SET character_set_client = utf8 */;
CREATE TABLE `messages` (
  `id` bigint(20) unsigned NOT NULL AUTO_INCREMENT,
  `from_user_id` bigint(20) unsigned NOT NULL,
  `to_user_id` bigint(20) unsigned NOT NULL,
  `body` text COLLATE utf8mb4_unicode_ci DEFAULT NULL,
  `created_at` datetime DEFAULT current_timestamp(),
  PRIMARY KEY (`id`),
  KEY `from_user_id` (`from_user_id`),
  KEY `to_user_id` (`to_user_id`),
  CONSTRAINT `messages_ibfk_1` FOREIGN KEY (`from_user_id`) REFERENCES `users` (`id`) ON DELETE CASCADE ON UPDATE CASCADE,
  CONSTRAINT `messages_ibfk_2` FOREIGN KEY (`to_user_id`) REFERENCES `users` (`id`) ON DELETE CASCADE ON UPDATE CASCADE
) ENGINE=InnoDB AUTO_INCREMENT=101 DEFAULT CHARSET=utf8mb4 COLLATE=utf8mb4_unicode_ci;
/*!40101 SET character_set_client = @saved_cs_client */;

--
-- Dumping data for table `messages`
--

LOCK TABLES `messages` WRITE;
/*!40000 ALTER TABLE `messages` DISABLE KEYS */;
INSERT INTO `messages` VALUES (1,1,1,'Qui praesentium qui odio consequatur vel ut quod. Inventore voluptatem exercitationem labore saepe eveniet aliquid. Iure alias consequatur veniam velit natus sed. Qui enim praesentium rerum provident aut sint explicabo.','1994-04-17 09:14:33'),(2,2,2,'Corporis ipsa autem sint dolorem expedita vitae. Expedita vel facere quis molestias. Et perspiciatis iusto consequatur ut. Dicta aliquid non quam laboriosam harum laudantium.','2007-12-01 19:58:25'),(3,3,3,'Ad at porro tempore quibusdam ab. Consequatur nesciunt maxime quo molestias excepturi numquam. Occaecati et odit nesciunt esse molestiae nihil numquam.','2007-04-20 12:06:52'),(4,4,4,'Impedit tempore maiores voluptas amet. Mollitia perferendis alias quo qui. Aut ut exercitationem quibusdam.','2011-08-28 23:49:44'),(5,5,5,'Nisi eveniet id quibusdam omnis in voluptas minus eius. Est expedita veniam dolores. Ipsam molestias ut sit.','2012-04-02 00:32:04'),(6,6,6,'Et voluptas ex vel omnis. Non aut fuga nam porro molestiae odit. Unde quam ut officiis eum et. Non soluta nostrum corrupti nobis quam necessitatibus.','2004-03-30 01:54:46'),(7,7,7,'Assumenda in rerum porro commodi qui qui velit. Vel repudiandae quidem ea voluptatem ab. Enim accusantium accusantium qui soluta quibusdam explicabo.','2003-06-16 23:08:14'),(8,8,8,'At nam earum sed molestiae. Consequatur expedita omnis eaque architecto porro a cumque quibusdam. Corrupti voluptatem sint fugiat doloribus autem nostrum. Velit ut rem error voluptatibus.','1977-01-17 22:48:33'),(9,9,9,'Et qui aut tempore cumque beatae. Voluptatem nesciunt delectus sunt illo consequatur totam fuga dicta.','2011-02-28 21:56:16'),(10,10,10,'Sunt assumenda quia atque. Amet assumenda possimus et tempora explicabo. Qui aut facere id.','1975-10-19 05:22:18'),(11,11,11,'Dolor tenetur aut amet alias aut. Maxime nam enim qui reprehenderit. Voluptatum ullam magni placeat blanditiis libero voluptas sequi. Voluptatum illum tempora deserunt modi aut illo.','2014-11-03 22:51:32'),(12,12,12,'Deserunt culpa aliquid impedit dolorem omnis est. Et hic at perspiciatis voluptas. Sit sit illum pariatur doloremque id optio ipsa. Earum et fuga beatae facere. Praesentium voluptatem voluptas consequatur.','1986-04-13 15:34:21'),(13,13,13,'Quia vitae ut deserunt voluptas placeat tempora dignissimos. Dolor ut perferendis laborum quaerat iusto vitae atque. Eos dignissimos neque laborum corporis.','1977-05-15 00:07:35'),(14,14,14,'Voluptatem qui ab sapiente et. Beatae nulla ullam id. Deleniti exercitationem consequatur delectus quo consequatur iste velit.','1994-06-11 13:32:59'),(15,15,15,'Voluptatibus animi quia ducimus quia nobis quis quis. Et vel fugiat reiciendis facere quia veritatis unde. Consequatur voluptas consequatur iste et molestias.','2011-02-26 15:50:52'),(16,16,16,'Praesentium sint veritatis est unde enim. Omnis provident sapiente aut molestiae laboriosam non libero esse. Nisi aliquid ab esse et voluptas. Eos omnis aut fugiat vel.','2002-04-20 16:57:34'),(17,17,17,'Nihil aut ex pariatur quibusdam fuga accusamus ex. In non error odio occaecati eveniet reiciendis. Eligendi similique sint neque ullam deleniti. Ipsa quisquam itaque mollitia reiciendis est.','1995-01-26 06:40:35'),(18,18,18,'Qui sed aut occaecati reiciendis quis esse. Excepturi eum qui maiores magnam maiores corrupti. Reprehenderit aut possimus dicta. Excepturi tempora consequatur aut et repellat assumenda.','1994-03-20 13:06:12'),(19,19,19,'Exercitationem quis rem ea quis. Necessitatibus omnis rerum aut autem sint.','2006-01-04 07:06:10'),(20,20,20,'Animi sit doloremque occaecati deserunt vero et praesentium. Sapiente occaecati culpa quia ipsa ipsum doloribus. Aut possimus vel id culpa provident qui nemo.','1976-03-18 02:54:18'),(21,21,21,'Et et vel ipsam architecto dignissimos dolorum et. Enim est nihil velit. Voluptas aperiam temporibus nihil aut et fugiat.','2018-03-27 00:26:40'),(22,22,22,'Blanditiis omnis officia minima. Laboriosam distinctio impedit itaque est a eum. Velit magnam tenetur vero qui culpa mollitia excepturi.','1986-12-18 21:35:59'),(23,23,23,'Quia qui blanditiis eum. Asperiores corporis voluptas quo sit ipsam aut quo. Est nobis sed numquam saepe. Aut excepturi voluptatem occaecati non at aut vitae magni.','1994-02-18 21:11:36'),(24,24,24,'Nobis voluptas consequatur a fugiat. Fuga qui temporibus deleniti.','2018-02-26 20:36:47'),(25,25,25,'Sit fugit earum enim provident accusamus accusantium aut et. Voluptates labore voluptatem aut corporis quam quo officiis. Velit sed aut expedita cumque qui id.','2010-06-26 23:50:38'),(26,26,26,'Harum est doloremque sit. Alias soluta rerum quod et possimus atque. Vitae quis et consequatur ab ut est a. Sit dolorem magni autem voluptatem voluptatem repellat ut. Qui doloremque mollitia eos dolor cumque.','2003-04-07 03:35:09'),(27,27,27,'Quasi dolorem voluptas sed laboriosam quisquam. Doloremque dolores fuga similique facilis neque. Dicta incidunt enim ut voluptatum sit ad vero.','2009-01-28 19:21:40'),(28,28,28,'Cumque aperiam dolorem ut. Maxime quis amet ipsum asperiores quia.','1981-03-06 12:54:38'),(29,29,29,'Ducimus est exercitationem excepturi dolor quidem dicta. Qui non sit adipisci ut hic a tempora. Repellendus soluta quia harum eligendi inventore aperiam enim reprehenderit. Possimus sed animi et maiores autem officiis vero. Qui cum maxime asperiores.','2021-09-08 11:51:15'),(30,30,30,'Reiciendis magnam deserunt ea aut quo suscipit. Ut ad fugiat magnam sit voluptas repellendus voluptatem. Sunt facere nesciunt voluptatem inventore.','1974-03-23 13:55:28'),(31,31,31,'Velit vel voluptatem minima in. Quis vel labore dolor. Voluptas consequatur dicta eligendi sequi.','1979-04-06 00:47:12'),(32,32,32,'Dolorem est omnis in soluta et. Cum velit neque et aperiam quia. Consequatur iure in quae id. Impedit aut dolores aut dignissimos.','2004-04-24 14:53:05'),(33,33,33,'Accusantium qui omnis incidunt consectetur. Non quisquam omnis animi doloribus debitis. Molestiae animi et modi consectetur. Rerum id perspiciatis adipisci fugiat.','1986-11-02 08:17:37'),(34,34,34,'Quos cupiditate praesentium et consequatur iure. Alias quas esse iusto et natus. Rem veritatis qui sit consequatur hic. Corrupti libero nihil voluptatum temporibus sapiente perferendis iusto.','1980-08-07 15:43:44'),(35,35,35,'Porro omnis aut perspiciatis voluptatum fugiat aut sit. Accusantium repudiandae sed omnis qui rerum. Eligendi est dolore voluptatibus.','2005-11-20 23:04:47'),(36,36,36,'Quam natus non rerum aut consectetur molestiae. Reiciendis officia ullam repellat itaque quibusdam commodi facilis. Molestiae reprehenderit fugit expedita officia tenetur optio eum sunt. In expedita excepturi repellat ut consequatur assumenda ipsa aut.','1974-08-11 00:14:03'),(37,37,37,'Nisi doloremque ex rem sunt qui. Ea voluptates doloremque animi. Atque cumque ipsum inventore.','2011-12-10 19:24:06'),(38,38,38,'Sit dolorum quis consequatur at eius voluptatum. Soluta enim rerum modi delectus. Aspernatur et eos magni sed.','1989-05-13 10:18:11'),(39,39,39,'Sunt qui tenetur quia dolores numquam aut aperiam. Doloribus labore velit quisquam soluta. Eveniet corrupti aut dolorem odit ducimus accusantium provident assumenda. Voluptatibus nulla dignissimos quis aut pariatur iusto deserunt. Voluptate autem quia est.','2020-11-01 10:37:54'),(40,40,40,'Qui voluptas dolores unde. Quam omnis itaque ut porro recusandae ad culpa. Veniam est assumenda minus dolore tempora natus. Quibusdam inventore voluptas soluta voluptas asperiores ut ea.','1995-07-19 11:27:29'),(41,41,41,'Commodi in exercitationem aut sit et sint excepturi. Et commodi rem id. Saepe deleniti voluptas dolores in doloremque ipsum laboriosam.','1994-08-08 14:43:09'),(42,42,42,'Reprehenderit dolores molestiae est rerum numquam dicta. Est eos quod nulla illum deleniti magnam. Aliquam quod tempora et ut enim velit. Rerum provident iste eos dolorem.','1983-01-01 17:08:45'),(43,43,43,'Omnis magni accusamus quis sequi voluptatibus. Ut aspernatur rerum ut nam tempore deleniti suscipit possimus. Debitis explicabo et quibusdam qui dolorem maiores. Asperiores repellat vitae natus reprehenderit non.','2000-11-20 21:45:55'),(44,44,44,'Vel aliquid in dolorum commodi quis quae. Non consequatur voluptatem quos voluptatem. Eaque ut quam adipisci sunt. Ipsum sit sunt odit vitae. Aut distinctio officia laborum maxime at illum ipsum.','1971-01-18 08:01:58'),(45,45,45,'Et perspiciatis dolores non molestias temporibus qui aperiam. Vitae magnam odio ullam reiciendis accusamus aut.','1971-02-27 18:26:15'),(46,46,46,'Officiis deleniti voluptatem rerum aut quia id. Quas et optio temporibus pariatur qui ut a. Iure sapiente eos sed odit facere alias.','2002-05-30 20:23:41'),(47,47,47,'Aut quia expedita dolorem perspiciatis laudantium itaque in. Adipisci libero aperiam nesciunt tenetur voluptas. Mollitia velit ut enim qui reprehenderit. Laudantium accusantium molestiae corporis quisquam amet.','1986-08-18 00:05:00'),(48,48,48,'Et et dolores eius sint. Consequuntur dolorum ea ipsam consequatur. Dolorem doloribus dolores id velit non.','1970-12-28 06:50:02'),(49,49,49,'Optio voluptatum officiis ipsum provident sit voluptatem possimus aliquid. Temporibus enim illum iste consequatur a. Pariatur debitis iure voluptatem illo.','2012-08-19 14:32:25'),(50,50,50,'Repellendus dolores nobis ea possimus est laudantium. Voluptas qui eius repudiandae incidunt. Nam error necessitatibus neque nulla aut ipsam ratione.','1994-02-07 23:29:20'),(51,51,51,'Qui quia voluptatem necessitatibus a et non quis. Ea inventore expedita suscipit quis rerum repudiandae aliquid. Corrupti quia sunt et.','1996-04-23 17:38:17'),(52,52,52,'Ipsam et non est natus voluptates quo asperiores fugit. Dolorem molestiae impedit occaecati alias inventore et. Qui in corporis atque. Necessitatibus repellendus eaque harum id. Officia quia nisi ut sit amet doloremque quis.','1980-02-17 06:09:27'),(53,53,53,'Et sint iure accusamus doloremque. In accusamus molestiae omnis itaque debitis ea. Animi quia earum aspernatur aspernatur quidem aut facilis. Quae commodi qui voluptate esse id.','2020-02-15 02:59:47'),(54,54,54,'Itaque quibusdam rerum soluta cupiditate ut dolorum earum. Quibusdam exercitationem dolores aut ab doloribus consectetur. Est vel enim aut. Excepturi ut velit iusto eligendi in.','1979-10-05 11:20:29'),(55,55,55,'Sint est repellendus qui quo culpa. Dolore et sunt aut dolorem voluptatem fuga est laborum. Voluptatem voluptates saepe id exercitationem quis. Excepturi qui quam officia dolor dolore culpa voluptate.','1995-07-19 19:57:46'),(56,56,56,'At ut eveniet placeat sequi iusto voluptas aperiam soluta. Voluptates totam saepe fuga vel deleniti laudantium. Et eum enim ea voluptatem nemo. Officiis voluptates similique voluptatem cumque.','1983-10-20 16:59:20'),(57,57,57,'Quia fugit debitis rem nobis voluptas. Facere enim perferendis in et tempore porro. Perferendis qui dignissimos est dolorem corporis ea. Nihil rerum quam non quos voluptatem laborum accusantium eum.','1993-06-21 11:42:53'),(58,58,58,'Et quibusdam laboriosam voluptatibus aperiam velit omnis voluptas. Consequatur et repudiandae quia enim. Et ullam molestiae sunt numquam quis architecto vero magnam.','2002-08-14 22:54:46'),(59,59,59,'Voluptatem impedit dicta quia repellat voluptas temporibus. Eaque et aut non labore quasi.','2003-10-10 14:52:03'),(60,60,60,'Aut delectus id debitis. Possimus sunt veniam quisquam est quaerat omnis. Velit ea veniam in omnis cupiditate veniam rerum.','2008-09-07 04:41:24'),(61,61,61,'Qui ea sunt consectetur amet ullam. In fugiat quis reprehenderit similique omnis nesciunt sed. Deleniti voluptate veritatis impedit pariatur corporis deserunt alias.','1992-05-31 15:52:47'),(62,62,62,'Nulla qui debitis magnam maxime expedita ratione et possimus. Id dolorem incidunt occaecati ut qui exercitationem quae tempore. Exercitationem inventore possimus optio est consequatur eum sed. Voluptatibus sequi vel ut voluptas.','1980-04-18 14:20:36'),(63,63,63,'Aut id atque ipsa asperiores veritatis. Ad et aut quos sunt aut provident. Earum eligendi rerum odit nihil.','1970-01-15 00:42:13'),(64,64,64,'Voluptas ut dolorem et ab voluptas earum. Ratione mollitia odit ea nobis. Nostrum quasi illo facilis blanditiis officiis delectus.','1992-06-17 00:16:55'),(65,65,65,'Voluptatem illo amet non consequuntur provident exercitationem maiores. Neque magnam natus saepe. Velit nemo aut non quia dolores eos. Eos vitae impedit quo voluptatibus molestiae.','1976-02-14 22:59:22'),(66,66,66,'Praesentium repellat dolorum maxime nesciunt. Optio debitis placeat sit ut dolor ut quia. Ut saepe iste porro id. Distinctio culpa beatae distinctio sapiente cum dolores.','2008-01-31 21:24:41'),(67,67,67,'Ex dolorem voluptatibus enim impedit dolorem sunt. Vitae esse sint ducimus exercitationem voluptatem fugiat. Aut facilis blanditiis qui quis et totam voluptatem eveniet.','2010-10-02 03:08:11'),(68,68,68,'Dolor corrupti minima ducimus totam quisquam sit consequatur. Dolorem doloremque sunt sed id. Quas itaque libero distinctio perspiciatis et nostrum rerum.','1998-07-26 11:12:36'),(69,69,69,'Ab voluptas deleniti esse. Placeat est illum magni quis nam. In ex ducimus unde ut inventore quaerat qui quis. Temporibus soluta nihil optio omnis iste ipsum.','1971-12-04 13:30:53'),(70,70,70,'Ea eligendi enim libero error. Et quod aspernatur ut ut aut.','1999-04-27 09:41:01'),(71,71,71,'Aut vero voluptatem similique similique ullam. Debitis ut repudiandae ut nihil quo.','2012-12-25 00:35:33'),(72,72,72,'Ab quisquam deserunt ut inventore ab animi. Excepturi alias alias ea unde itaque. Nulla eveniet quae autem veniam enim velit placeat omnis.','1973-07-19 21:08:12'),(73,73,73,'Quidem est et nemo aut consequatur culpa ipsam. Voluptatum animi veritatis rerum doloribus doloremque. Qui inventore cupiditate temporibus id impedit.','1973-12-13 20:29:59'),(74,74,74,'Aspernatur suscipit quia quia ut sequi praesentium ipsum. Animi quia harum facere sed sunt quam pariatur. Dolorem illo voluptas perspiciatis et totam quo fugit quasi.','2019-02-10 18:03:41'),(75,75,75,'Iste doloremque velit magni eum ab incidunt magnam laborum. Officia sint eaque voluptas non cupiditate quia sunt. Non laboriosam ad neque.','2001-11-13 12:23:31'),(76,76,76,'Iure dolor molestiae illo repudiandae et. Dolores repellendus qui autem est occaecati dolorum eaque. Aut enim et beatae eligendi sapiente.','1988-10-30 15:14:35'),(77,77,77,'Rerum quam voluptas minima consectetur eos. Sint animi quo nesciunt eum. Voluptatibus omnis id ratione placeat non.','2017-04-22 10:52:07'),(78,78,78,'Corporis odio fugiat optio et beatae corrupti iusto. Praesentium dolore omnis et dolores iste voluptate sunt. Rerum recusandae ratione odit laudantium dicta.','2019-12-02 20:53:52'),(79,79,79,'Aspernatur fugiat deserunt asperiores eum quod sint libero. Animi voluptatibus blanditiis rem facere assumenda. Aut dicta ab debitis deleniti. Optio consequatur facilis dolores asperiores et dolorem voluptatem.','2010-01-06 16:41:06'),(80,80,80,'Ea libero voluptatem adipisci. Qui rerum et voluptatibus aut sint totam eum. Sunt id voluptas ad sit. Corporis expedita sint recusandae dolores qui aut totam saepe.','2001-11-11 23:03:25'),(81,81,81,'Voluptatum nobis voluptas et possimus harum. Qui fuga ea magnam consectetur vitae repellendus possimus. Quaerat adipisci pariatur natus temporibus.','1981-07-23 21:45:06'),(82,82,82,'Expedita molestiae eos ut expedita. Exercitationem aut distinctio excepturi et est cumque. Quisquam optio distinctio sit impedit.','2017-07-18 14:28:45'),(83,83,83,'Sit voluptas quia id. Ducimus nesciunt amet alias. Deleniti exercitationem id ad est voluptatem impedit.','2014-04-01 02:24:38'),(84,84,84,'Ipsum saepe architecto eum dicta debitis illum. Vel rerum dolores dolorem voluptates harum. Ducimus ea sit earum pariatur hic repellendus.','1997-05-28 12:00:51'),(85,85,85,'Et esse atque nemo quibusdam accusantium. Sed magnam ducimus reprehenderit numquam. Libero magni itaque ab magnam ab sunt eius. At enim ut et nisi placeat harum excepturi cumque.','1974-01-20 10:53:04'),(86,86,86,'Corrupti et itaque accusantium quos non et et. Omnis blanditiis non aut et sint qui delectus eos. Dolores dolorem ut quo provident explicabo quasi.','1973-05-17 05:08:37'),(87,87,87,'Quas explicabo nobis unde est pariatur laudantium. Officiis labore asperiores ea deleniti. Illo earum eos rem quia qui.','2011-07-29 11:46:31'),(88,88,88,'Hic ad quibusdam et veniam quia cupiditate maiores dolore. Tempora quis quo aspernatur inventore. Nulla et modi nemo velit dolores. Velit culpa aut vel quia amet rerum. Sit dolor delectus minus sunt voluptatem.','2010-10-28 04:54:24'),(89,89,89,'Itaque ut maiores rerum harum deleniti vitae. Dolore reprehenderit quia perspiciatis commodi sunt. Enim cumque tempore nobis reprehenderit possimus minus ducimus quod. Aut impedit cum explicabo est molestiae. In iste ducimus autem autem ipsam earum.','1980-10-15 07:13:32'),(90,90,90,'Minima qui labore est possimus et non nihil fugit. Consequatur quae eius qui est. Praesentium quia aperiam dolor qui voluptatem aut sed.','1983-04-22 22:12:18'),(91,91,91,'Minus alias et eum ut tempore. Facere qui eos natus exercitationem in repudiandae.','2018-11-18 13:01:46'),(92,92,92,'Distinctio enim totam ut soluta quo sunt. Labore saepe ad veniam beatae corrupti blanditiis. Et pariatur vel sint officiis dignissimos delectus. Tempora inventore nesciunt est sed illo ab.','1999-02-17 15:56:33'),(93,93,93,'In doloribus natus iste dolor. Nesciunt sed corrupti ex ea. Dolorum rerum modi id iste quia est. Iste sint qui sed quia qui.','2009-05-27 06:27:57'),(94,94,94,'Sit voluptatem eum eos et et. Quos consequatur rerum voluptates blanditiis. Ipsam voluptas impedit dicta quaerat eos et ea.','2003-02-25 11:38:47'),(95,95,95,'Porro rerum mollitia architecto aliquam magni qui. Aut explicabo consequuntur officia corrupti. Animi suscipit perspiciatis est quibusdam repellat commodi.','2000-06-30 09:53:26'),(96,96,96,'Iusto voluptatem nesciunt sit quia. Quam laboriosam quibusdam quasi. Velit debitis sint voluptas soluta consequatur quos non voluptate.','2005-12-23 06:21:07'),(97,97,97,'Libero quo et qui a consequatur. Quod blanditiis recusandae quia molestiae ex sint debitis. Nihil suscipit libero eos veritatis suscipit sequi dolores nesciunt. Dolore labore eum ullam deleniti.','1971-02-03 16:26:24'),(98,98,98,'Nihil ea inventore rerum aut ea. Voluptatem maiores quam dicta dolorem rerum in voluptas dolorem.','1997-05-15 16:55:30'),(99,99,99,'Ducimus officia nostrum consequatur est. Nulla itaque est itaque minus veritatis necessitatibus perspiciatis. Possimus magni dignissimos reprehenderit magnam occaecati.','2012-04-20 16:10:11'),(100,100,100,'Illum ea distinctio odio et. Facere rerum in ab qui consectetur. Voluptas non et nihil amet. Illo similique dolor tempore delectus consequuntur.','1975-12-31 17:35:15');
/*!40000 ALTER TABLE `messages` ENABLE KEYS */;
UNLOCK TABLES;

--
-- Table structure for table `photo_albums`
--

DROP TABLE IF EXISTS `photo_albums`;
/*!40101 SET @saved_cs_client     = @@character_set_client */;
/*!40101 SET character_set_client = utf8 */;
CREATE TABLE `photo_albums` (
  `id` bigint(20) unsigned NOT NULL AUTO_INCREMENT,
  `name` varchar(255) COLLATE utf8mb4_unicode_ci DEFAULT NULL,
  `user_id` bigint(20) unsigned DEFAULT NULL,
  PRIMARY KEY (`id`),
  UNIQUE KEY `id` (`id`),
  KEY `user_id` (`user_id`),
  CONSTRAINT `photo_albums_ibfk_1` FOREIGN KEY (`user_id`) REFERENCES `users` (`id`) ON DELETE SET NULL ON UPDATE CASCADE
) ENGINE=InnoDB AUTO_INCREMENT=101 DEFAULT CHARSET=utf8mb4 COLLATE=utf8mb4_unicode_ci;
/*!40101 SET character_set_client = @saved_cs_client */;

--
-- Dumping data for table `photo_albums`
--

LOCK TABLES `photo_albums` WRITE;
/*!40000 ALTER TABLE `photo_albums` DISABLE KEYS */;
INSERT INTO `photo_albums` VALUES (1,'minima',1),(2,'corporis',2),(3,'et',3),(4,'amet',4),(5,'beatae',5),(6,'quia',6),(7,'rerum',7),(8,'dolorem',8),(9,'ut',9),(10,'a',10),(11,'animi',11),(12,'sequi',12),(13,'sunt',13),(14,'dolores',14),(15,'consequatur',15),(16,'odio',16),(17,'quia',17),(18,'veritatis',18),(19,'aut',19),(20,'quasi',20),(21,'repudiandae',21),(22,'adipisci',22),(23,'beatae',23),(24,'placeat',24),(25,'et',25),(26,'placeat',26),(27,'ea',27),(28,'aliquam',28),(29,'sint',29),(30,'et',30),(31,'ut',31),(32,'mollitia',32),(33,'iusto',33),(34,'blanditiis',34),(35,'similique',35),(36,'voluptate',36),(37,'est',37),(38,'mollitia',38),(39,'dolorum',39),(40,'earum',40),(41,'blanditiis',41),(42,'ipsum',42),(43,'dicta',43),(44,'sed',44),(45,'distinctio',45),(46,'deleniti',46),(47,'minima',47),(48,'doloremque',48),(49,'repellendus',49),(50,'voluptatum',50),(51,'libero',51),(52,'doloribus',52),(53,'dolore',53),(54,'suscipit',54),(55,'quam',55),(56,'cum',56),(57,'et',57),(58,'et',58),(59,'accusantium',59),(60,'placeat',60),(61,'sed',61),(62,'libero',62),(63,'ut',63),(64,'itaque',64),(65,'doloremque',65),(66,'doloremque',66),(67,'officiis',67),(68,'reprehenderit',68),(69,'voluptatum',69),(70,'perspiciatis',70),(71,'quia',71),(72,'nam',72),(73,'et',73),(74,'et',74),(75,'quaerat',75),(76,'fuga',76),(77,'sint',77),(78,'ea',78),(79,'distinctio',79),(80,'a',80),(81,'animi',81),(82,'reprehenderit',82),(83,'atque',83),(84,'voluptatem',84),(85,'veniam',85),(86,'nihil',86),(87,'magnam',87),(88,'eos',88),(89,'error',89),(90,'non',90),(91,'vitae',91),(92,'eos',92),(93,'quis',93),(94,'est',94),(95,'unde',95),(96,'error',96),(97,'enim',97),(98,'quaerat',98),(99,'nihil',99),(100,'eum',100);
/*!40000 ALTER TABLE `photo_albums` ENABLE KEYS */;
UNLOCK TABLES;

--
-- Table structure for table `photos`
--

DROP TABLE IF EXISTS `photos`;
/*!40101 SET @saved_cs_client     = @@character_set_client */;
/*!40101 SET character_set_client = utf8 */;
CREATE TABLE `photos` (
  `id` bigint(20) unsigned NOT NULL AUTO_INCREMENT,
  `album_id` bigint(20) unsigned NOT NULL,
  `media_id` bigint(20) unsigned NOT NULL,
  PRIMARY KEY (`id`),
  KEY `album_id` (`album_id`),
  KEY `media_id` (`media_id`),
  CONSTRAINT `photos_ibfk_1` FOREIGN KEY (`album_id`) REFERENCES `photo_albums` (`id`) ON DELETE CASCADE ON UPDATE CASCADE,
  CONSTRAINT `photos_ibfk_2` FOREIGN KEY (`media_id`) REFERENCES `media` (`id`) ON DELETE CASCADE ON UPDATE CASCADE
) ENGINE=InnoDB AUTO_INCREMENT=101 DEFAULT CHARSET=utf8mb4 COLLATE=utf8mb4_unicode_ci;
/*!40101 SET character_set_client = @saved_cs_client */;

--
-- Dumping data for table `photos`
--

LOCK TABLES `photos` WRITE;
/*!40000 ALTER TABLE `photos` DISABLE KEYS */;
INSERT INTO `photos` VALUES (1,1,1),(2,2,2),(3,3,3),(4,4,4),(5,5,5),(6,6,6),(7,7,7),(8,8,8),(9,9,9),(10,10,10),(11,11,11),(12,12,12),(13,13,13),(14,14,14),(15,15,15),(16,16,16),(17,17,17),(18,18,18),(19,19,19),(20,20,20),(21,21,21),(22,22,22),(23,23,23),(24,24,24),(25,25,25),(26,26,26),(27,27,27),(28,28,28),(29,29,29),(30,30,30),(31,31,31),(32,32,32),(33,33,33),(34,34,34),(35,35,35),(36,36,36),(37,37,37),(38,38,38),(39,39,39),(40,40,40),(41,41,41),(42,42,42),(43,43,43),(44,44,44),(45,45,45),(46,46,46),(47,47,47),(48,48,48),(49,49,49),(50,50,50),(51,51,51),(52,52,52),(53,53,53),(54,54,54),(55,55,55),(56,56,56),(57,57,57),(58,58,58),(59,59,59),(60,60,60),(61,61,61),(62,62,62),(63,63,63),(64,64,64),(65,65,65),(66,66,66),(67,67,67),(68,68,68),(69,69,69),(70,70,70),(71,71,71),(72,72,72),(73,73,73),(74,74,74),(75,75,75),(76,76,76),(77,77,77),(78,78,78),(79,79,79),(80,80,80),(81,81,81),(82,82,82),(83,83,83),(84,84,84),(85,85,85),(86,86,86),(87,87,87),(88,88,88),(89,89,89),(90,90,90),(91,91,91),(92,92,92),(93,93,93),(94,94,94),(95,95,95),(96,96,96),(97,97,97),(98,98,98),(99,99,99),(100,100,100);
/*!40000 ALTER TABLE `photos` ENABLE KEYS */;
UNLOCK TABLES;

--
-- Table structure for table `profiles`
--

DROP TABLE IF EXISTS `profiles`;
/*!40101 SET @saved_cs_client     = @@character_set_client */;
/*!40101 SET character_set_client = utf8 */;
CREATE TABLE `profiles` (
  `user_id` bigint(20) unsigned NOT NULL AUTO_INCREMENT,
  `gender` char(1) COLLATE utf8mb4_unicode_ci DEFAULT NULL,
  `birthday` date DEFAULT NULL,
  `photo_id` bigint(20) unsigned DEFAULT NULL,
  `created_at` datetime DEFAULT current_timestamp(),
  `hometown` varchar(100) COLLATE utf8mb4_unicode_ci DEFAULT NULL,
  PRIMARY KEY (`user_id`),
  KEY `fk_photo_id` (`photo_id`),
  CONSTRAINT `fk_photo_id` FOREIGN KEY (`photo_id`) REFERENCES `photos` (`id`) ON DELETE SET NULL ON UPDATE CASCADE,
  CONSTRAINT `fk_user_id` FOREIGN KEY (`user_id`) REFERENCES `users` (`id`) ON DELETE CASCADE ON UPDATE CASCADE
) ENGINE=InnoDB AUTO_INCREMENT=101 DEFAULT CHARSET=utf8mb4 COLLATE=utf8mb4_unicode_ci;
/*!40101 SET character_set_client = @saved_cs_client */;

--
-- Dumping data for table `profiles`
--

LOCK TABLES `profiles` WRITE;
/*!40000 ALTER TABLE `profiles` DISABLE KEYS */;
INSERT INTO `profiles` VALUES (1,NULL,'2000-01-07',1,'2014-03-27 00:21:43','Serenityshire'),(2,NULL,'1994-04-08',2,'1977-12-15 17:52:00','Beierberg'),(3,NULL,'1970-09-13',3,'2013-03-03 12:16:19','Alfredberg'),(4,NULL,'1971-03-18',4,'2002-09-21 12:55:08','West Yadirabury'),(5,NULL,'2017-02-11',5,'1981-01-13 10:08:13','Nataliahaven'),(6,NULL,'2019-12-07',6,'1983-05-30 18:21:17','Normamouth'),(7,NULL,'1984-09-20',7,'2001-08-19 10:06:41','Port Emmieborough'),(8,NULL,'2008-06-16',8,'2011-10-27 11:23:55','East Nikkifurt'),(9,NULL,'2012-05-30',9,'2021-07-08 20:09:37','South Linda'),(10,NULL,'1991-09-23',10,'1997-01-01 00:04:53','South Darien'),(11,NULL,'2021-10-29',11,'2006-02-17 10:49:49','Jocelynstad'),(12,NULL,'1985-01-08',12,'1984-11-23 03:30:22','South Zoeyfurt'),(13,NULL,'1977-11-16',13,'1988-07-12 17:36:07','Hacketthaven'),(14,NULL,'2020-06-07',14,'1970-12-22 12:05:24','Sabrinaland'),(15,NULL,'2013-01-29',15,'1971-08-29 02:42:32','Cydneyfort'),(16,NULL,'2018-07-25',16,'1979-07-10 15:04:38','Hageneschester'),(17,NULL,'2010-07-29',17,'2009-06-02 00:40:39','West Mohammedtown'),(18,NULL,'1998-02-11',18,'1977-02-22 07:04:17','North Thorachester'),(19,NULL,'1988-07-07',19,'1993-08-12 15:22:54','Clintonhaven'),(20,NULL,'2010-04-11',20,'1970-04-17 10:05:11','New Jordiborough'),(21,NULL,'2012-12-14',21,'1983-01-31 06:41:31','North Izaiah'),(22,NULL,'2008-05-07',22,'2008-08-30 00:25:38','New Zachariahville'),(23,NULL,'2012-08-14',23,'1984-05-22 06:12:32','Laurastad'),(24,NULL,'2007-10-05',24,'2015-04-06 23:37:01','Port Christianstad'),(25,NULL,'1971-08-27',25,'2003-04-26 00:29:10','East Duane'),(26,NULL,'1977-09-10',26,'1973-11-30 01:52:55','Osvaldoton'),(27,NULL,'1975-04-19',27,'1982-09-22 02:11:57','Lake Eveline'),(28,NULL,'1974-09-14',28,'2003-07-26 04:11:52','Piperchester'),(29,NULL,'2021-09-28',29,'1984-05-17 02:16:01','Gutmannberg'),(30,NULL,'2007-11-18',30,'1989-04-03 09:18:04','New Kieranberg'),(31,NULL,'1970-03-21',31,'2001-07-16 01:41:05','South Mathilde'),(32,NULL,'1987-06-12',32,'1982-01-25 10:47:44','Katelinport'),(33,NULL,'2012-10-24',33,'1974-04-07 20:12:14','Kobytown'),(34,NULL,'2021-05-21',34,'1978-09-07 18:38:26','Lake Donald'),(35,NULL,'1990-08-10',35,'1997-02-02 00:58:33','North Anitamouth'),(36,NULL,'1991-02-24',36,'1981-08-10 16:35:10','Moenshire'),(37,NULL,'1979-04-13',37,'2010-09-07 04:00:49','Pollyburgh'),(38,NULL,'1995-04-14',38,'2019-09-01 21:26:05','Port Blanchebury'),(39,NULL,'2011-06-11',39,'1975-02-10 04:03:54','Ricoland'),(40,NULL,'1997-03-16',40,'2021-10-01 18:28:05','South Traceyhaven'),(41,NULL,'2000-03-17',41,'1983-03-26 04:50:57','South Enid'),(42,NULL,'1995-02-08',42,'2009-03-21 21:26:54','Trompton'),(43,NULL,'1994-06-25',43,'1974-12-10 17:13:01','South Elvaberg'),(44,NULL,'1972-06-18',44,'1996-02-15 15:02:05','West Celiaport'),(45,NULL,'2000-08-22',45,'1990-10-08 05:40:46','Casperport'),(46,NULL,'1987-02-12',46,'2010-12-01 18:30:49','West Paul'),(47,NULL,'1984-12-27',47,'2014-02-03 11:16:42','Effiehaven'),(48,NULL,'1998-01-19',48,'1984-03-05 10:05:51','Robertsburgh'),(49,NULL,'1980-05-30',49,'2014-09-24 08:41:03','Manuelborough'),(50,NULL,'1983-07-05',50,'1988-05-20 21:36:20','New Caraport'),(51,NULL,'1988-08-22',51,'2015-09-08 15:13:41','Port Angusberg'),(52,NULL,'1997-04-11',52,'2006-04-19 13:23:33','Nellaview'),(53,NULL,'1995-10-01',53,'1987-06-30 15:43:43','Port Alvah'),(54,NULL,'1986-03-15',54,'2003-10-13 23:50:32','West Holly'),(55,NULL,'1970-08-19',55,'2014-12-03 01:33:06','Andersonberg'),(56,NULL,'2014-05-03',56,'1994-07-18 14:37:38','Lake Kaleigh'),(57,NULL,'2013-02-12',57,'1990-07-17 20:01:46','Lake Gerrybury'),(58,NULL,'1998-11-16',58,'1999-01-29 10:44:49','Kemmerhaven'),(59,NULL,'2005-05-22',59,'2018-03-21 02:28:00','Schneiderview'),(60,NULL,'1986-09-04',60,'1989-08-24 12:33:07','West Tressieborough'),(61,NULL,'2000-09-18',61,'2001-12-31 16:01:15','Bradtkebury'),(62,NULL,'2006-08-11',62,'1993-03-08 09:32:52','New Conor'),(63,NULL,'2006-02-21',63,'1986-08-25 21:47:34','Joneshaven'),(64,NULL,'1997-07-28',64,'1981-05-15 23:01:10','Lehnerchester'),(65,NULL,'1983-09-24',65,'1993-08-04 17:21:57','Bridgetteview'),(66,NULL,'1982-02-07',66,'1992-02-05 01:32:20','South Zoie'),(67,NULL,'2004-06-10',67,'1986-02-05 20:54:14','East Carolynville'),(68,NULL,'1982-01-26',68,'1976-11-24 22:11:29','Lake Bettyemouth'),(69,NULL,'2007-02-12',69,'1985-12-01 20:19:23','West Theresafurt'),(70,NULL,'1995-05-08',70,'1981-12-28 11:15:50','Marionton'),(71,NULL,'1995-12-08',71,'2011-06-03 23:56:10','Friesenfort'),(72,NULL,'2007-09-09',72,'2007-05-19 19:09:50','Garettton'),(73,NULL,'2009-12-05',73,'2016-01-21 15:31:06','Lake Kayla'),(74,NULL,'1986-06-11',74,'1991-04-04 06:32:16','Barrowsland'),(75,NULL,'2003-09-11',75,'1978-03-31 05:55:57','Port Nelsonside'),(76,NULL,'1990-09-15',76,'1970-07-29 03:39:17','Port Juwanview'),(77,NULL,'2010-10-15',77,'1981-08-24 04:07:44','North Bernardo'),(78,NULL,'2020-07-11',78,'1995-01-04 10:54:18','Zulaufview'),(79,NULL,'2015-03-27',79,'1983-12-03 03:23:09','West Santosfurt'),(80,NULL,'2020-09-17',80,'1980-11-16 06:52:29','New Idellachester'),(81,NULL,'1982-02-05',81,'1979-05-16 06:40:49','Pagacborough'),(82,NULL,'1999-08-20',82,'2019-04-15 18:11:00','Zboncakhaven'),(83,NULL,'1982-10-31',83,'1978-09-10 14:18:57','Krajciktown'),(84,NULL,'1980-03-31',84,'1998-09-27 05:07:17','East Eugeniaport'),(85,NULL,'2015-11-04',85,'2020-08-25 13:48:41','Shannonshire'),(86,NULL,'2018-04-14',86,'1987-10-08 16:24:13','Lake Anabelleview'),(87,NULL,'1983-10-01',87,'2008-01-17 19:56:55','Harberville'),(88,NULL,'2013-06-03',88,'1993-03-24 23:01:55','West Lylatown'),(89,NULL,'1979-07-23',89,'2020-10-22 04:27:53','Jessyshire'),(90,NULL,'1974-12-02',90,'2012-06-04 17:50:17','Wiegandview'),(91,NULL,'1999-09-22',91,'1980-10-17 10:17:59','North Jonathonhaven'),(92,NULL,'1977-06-21',92,'2020-08-14 22:51:01','East Stephanville'),(93,NULL,'2006-08-19',93,'2016-07-29 13:50:52','VonRuedenchester'),(94,NULL,'2015-01-21',94,'1979-06-03 21:06:33','Corkeryview'),(95,NULL,'1975-05-20',95,'1984-12-25 04:24:12','Kennithport'),(96,NULL,'1977-07-17',96,'1972-11-27 06:09:53','New Michelehaven'),(97,NULL,'2014-01-22',97,'2015-04-05 22:52:41','East Unafurt'),(98,NULL,'2005-05-20',98,'1972-02-08 00:17:06','Mitchellborough'),(99,NULL,'2012-08-09',99,'2008-05-03 11:08:28','North Adrianamouth'),(100,NULL,'1976-05-06',100,'1972-02-28 08:22:00','Janicemouth');
/*!40000 ALTER TABLE `profiles` ENABLE KEYS */;
UNLOCK TABLES;

--
-- Table structure for table `users`
--

DROP TABLE IF EXISTS `users`;
/*!40101 SET @saved_cs_client     = @@character_set_client */;
/*!40101 SET character_set_client = utf8 */;
CREATE TABLE `users` (
  `id` bigint(20) unsigned NOT NULL AUTO_INCREMENT,
  `firstname` varchar(100) COLLATE utf8mb4_unicode_ci DEFAULT NULL,
  `lastname` varchar(100) COLLATE utf8mb4_unicode_ci DEFAULT NULL COMMENT '',
  `email` varchar(100) COLLATE utf8mb4_unicode_ci DEFAULT NULL,
  `password_hash` varchar(100) COLLATE utf8mb4_unicode_ci DEFAULT NULL,
  `phone` bigint(20) DEFAULT NULL,
  `is_deleted` bit(1) DEFAULT b'0',
  PRIMARY KEY (`id`),
  UNIQUE KEY `email` (`email`),
  KEY `users_firstname_lastname_idx` (`firstname`,`lastname`)
) ENGINE=InnoDB AUTO_INCREMENT=101 DEFAULT CHARSET=utf8mb4 COLLATE=utf8mb4_unicode_ci;
/*!40101 SET character_set_client = @saved_cs_client */;

--
-- Dumping data for table `users`
--

LOCK TABLES `users` WRITE;
/*!40000 ALTER TABLE `users` DISABLE KEYS */;
INSERT INTO `users` VALUES (1,'Ebba','Kling','keebler.stefan@example.com','168e19ca584c122635b909a0d5f2ef7f388e2748',7852749619,'\0'),(2,'Milton','Rodriguez','johnston.timothy@example.org','37036c0e7cc1c377e534e24ef365198ec639a4ef',5469120251,''),(3,'Lizzie','Becker','markus96@example.org','6bb558f8f54bc2333b78a997cefece65f996eb2e',707,''),(4,'Clyde','Kreiger','matilde95@example.com','6d431350d2bd9c89bf4f818d958466dff6f096a5',6131787466,'\0'),(5,'Amy','Upton','pgorczany@example.com','59cb86b3c903c8e05ae5e148b0b4a3f20653994b',377646,'\0'),(6,'Bridgette','Dibbert','akunze@example.org','b88cf0714081e6723fdebf10a545f8947a9e9b67',337327,'\0'),(7,'Beaulah','Leffler','porter.mclaughlin@example.com','2b26e9a309c30f3834931d12e3591aeb1d376264',1201409317,'\0'),(8,'Zetta','Schowalter','lehner.palma@example.org','cbaab60f6b2288cd430e9cdcb05b824acf038350',1,''),(9,'Carlee','Frami','wtromp@example.com','925ed4e561684f746a4ec45f521bc494ac05e6ff',197673,'\0'),(10,'Lavonne','Reinger','orpha.anderson@example.org','e40b2995c34a7b73a4920b3f4799f28201a59fc6',0,''),(11,'Bethany','Crist','jordy.hand@example.org','bebffec1b6ae84d6a7aea6a79422ade8c4b74321',633,''),(12,'Vallie','Heller','monserrat89@example.org','1497283b351f1a10145f7016c7213d1248c258ed',0,'\0'),(13,'Irma','Fahey','pagac.carolyne@example.net','942f7ecf0b1d7251dbb3913def665217f6b66848',0,''),(14,'Theo','Towne','rshields@example.net','278acab66e7cb48bdf3bbd81b3fd939727594f6b',347,''),(15,'Blanca','Quigley','jessica49@example.com','81f1e455e7fb66120f71950311244f8cb4d1bfcb',639477421,''),(16,'Deshaun','Walsh','tom.parker@example.com','bd99559fa59354f4fe57b47b675953d13a2467ec',0,''),(17,'Macie','Labadie','orval.hickle@example.net','8c1d5f6b812f553914e12f33192bf608fdb2c88c',1,'\0'),(18,'Eldora','Howell','mcclure.jesse@example.org','070a512f286d872b44043840fbce04d2bb7e835b',255136,''),(19,'Ayana','Boyle','schmeler.sylvester@example.org','1b9b9a2192f6aff270c99a0b59e0f4be3d44481c',307,'\0'),(20,'Makenzie','Feeney','no\'connell@example.org','b79bfd0e112c76f725fd0a628cf867a031cf93c1',42012,''),(21,'Yazmin','Doyle','anais60@example.com','f2fdce31a0ea54336611e47be8b5b60665ccea52',0,''),(22,'Gussie','Sporer','vfranecki@example.org','3415b99cae2cfc2688779e3e142cfadd04bd7475',155,'\0'),(23,'Cindy','Wintheiser','sigurd.rogahn@example.org','cb66ac57d2666df10c745de114c8b5947441edb2',119,'\0'),(24,'Dax','Considine','ggraham@example.org','b8b2acc2d01796b7ff18ff52e90c5cf3adcf3195',871875,'\0'),(25,'Tate','Kessler','cronin.leon@example.org','0dd0004eaea1d01ba24410cfea4fb3207b5390a1',475491,'\0'),(26,'Abigale','Zemlak','khettinger@example.com','96552176c6e1f8bc94fe3e36a50cd2390cf0d6ad',0,''),(27,'Barbara','Reinger','agreenfelder@example.org','4a59ea2b73725394553a5b6276373d4f162840d2',1301171415,''),(28,'Isabelle','Wolf','rex49@example.net','278b780537159338b452c3d2eb8271da99c01546',462009,''),(29,'Hildegard','Witting','marquis.moen@example.net','0bb1ffbb197a140c8a4966a629f9ecfbe6568be4',97,''),(30,'Seth','Skiles','gulgowski.zander@example.net','fc5431682e9a5d676b33f49165368cef134b5f1d',0,''),(31,'Garfield','Bins','treutel.monroe@example.com','cc8e6fe42748e0d8236cec7cb47288eea21463fa',289,'\0'),(32,'Yesenia','Cartwright','jacquelyn43@example.com','301f9f0cf1da68ac5b2089de6cd38bc7c0702d0a',913,'\0'),(33,'King','Kuphal','srohan@example.org','eb7fd6980c060f91763cd21a8d152449a7183e6a',1941028546,''),(34,'Macy','Wuckert','reinhold96@example.org','a7463aa5eb7177367ca9041e8a0066910603bc9c',1,'\0'),(35,'Ryleigh','Dickinson','mshields@example.com','4196af84ffe2ee7706951c12d50ac3308ed10caf',151,''),(36,'Casey','Zulauf','fahey.emil@example.net','7f17342f83caa8e26a32e900e704a2eeb2951e05',450403,'\0'),(37,'Lyric','Konopelski','smitham.curtis@example.com','aab70dd0db4562e6c71fbff4a0a0116e8fa16571',64,'\0'),(38,'Clarissa','Williamson','toni47@example.net','4569ca269751571a33853a51f6f9ef6c4ae65819',317833,'\0'),(39,'Brionna','Weissnat','lavern90@example.org','3248a0f789fe7f652fdae4acf685ab882b58bcfb',0,''),(40,'Noe','Grimes','onie.hintz@example.com','59d4f689a3a41d79aa3de59aa755d1b5d2704987',0,''),(41,'Jaycee','Hartmann','effie37@example.com','9c0c336ee3916366f90f9198ea3d67df8a80efe3',1,'\0'),(42,'Rita','McLaughlin','gwhite@example.com','3f6621981a5bf2cd3ed54860cd8fb81631e608f6',958,''),(43,'Emanuel','Hilpert','kunde.mitchell@example.org','1cab2dbb3475267e9f7bcb11f8725662379c97f8',1,'\0'),(44,'Walter','Gleichner','erippin@example.org','f02128ea34228b3050d173cdc0ff51d2fa1cd76f',1,''),(45,'Antonina','Senger','mina79@example.net','9a495b7f03ac4898239d5addf615d2939f55f506',1,''),(46,'Pauline','Deckow','abigale12@example.com','5c49f0ddc62ca3c16b5b77f15759336e9c5d9e4d',989,'\0'),(47,'Abe','Weimann','piper94@example.com','2898097eb56219ad22cbec93bb0ff974086296b1',774,'\0'),(48,'Kaleb','Steuber','beryl.wiegand@example.com','570a14e362468911271568c7c99f1be3cdd4d07d',4772900993,'\0'),(49,'Emery','Beatty','neal.cassin@example.org','029369acb1eed30729e484cc5d54726c91aa6f03',1,''),(50,'Adan','Lang','fhaley@example.com','1b0c7d113f1055f229984f4802d57413d285d6a6',0,'\0'),(51,'Katheryn','Kris','cecilia60@example.com','c976b1db214b4aea92fa6f9da882f76fa2d191ed',946397,'\0'),(52,'Carmelo','Stanton','oswaldo82@example.com','dd7dc735750cc5af7699082d8f2b40d71aae1aac',2762398808,''),(53,'Marcella','Bruen','dbrown@example.org','4a868b18d75dee2709d746ee20850b4092abfa95',0,'\0'),(54,'Rupert','Robel','agibson@example.net','b1e12c23791acc61a0de6b0593581f239f25b7a9',0,'\0'),(55,'Ressie','Hilll','dare.brando@example.net','aa79bcd2a9b4d62bfcb96591edbe9eb45ec76ca3',48563,'\0'),(56,'Dean','Breitenberg','cameron68@example.org','25b2f73e3174170bcc5c1cf3e161080f12ad9068',1,''),(57,'Jarred','Graham','lind.norberto@example.net','eb0fd5eba03fe5ed02b4138f58ef33f271863abd',200,''),(58,'Kassandra','Bogisich','ceffertz@example.com','f92f88ffe523352d5679a146b640514bb997fe57',0,'\0'),(59,'Sister','Kunze','ray96@example.net','df4fc993e6ed9661d1ec5341affada66f30ced5d',0,'\0'),(60,'Deshawn','Hackett','ylarson@example.org','a7688a343aae464078673ed8603ad91e87b3a5c3',563241,'\0'),(61,'Keyshawn','Nitzsche','hammes.orlando@example.com','a4ff89668415e284dbd040ae493879eae59e1809',1,''),(62,'Tyreek','Gulgowski','caleb87@example.net','fbf2d67d1da2cdda11bf2ad8477fbc1b526bcc91',1,'\0'),(63,'Geo','Bogan','oaufderhar@example.org','8afaa51b4ce23a01a2e982398d510d116111e9b2',152,'\0'),(64,'Jayme','Wiza','jovan.ondricka@example.com','01dfa5fe16fce1fb2abf0edeca1fb7264286c41f',3035581330,'\0'),(65,'Kaylee','Mayert','spencer11@example.com','c56e30ec124eff690c0f03868adcaa6fe397a518',3,''),(66,'Angelica','Terry','o\'hara.summer@example.com','9cae4f70ea0c2e55dcb2e436b89b1744ae00c496',612483,'\0'),(67,'Helga','Mertz','nshields@example.org','293788096bb514d2965a4c5ac814635852ae8703',1,'\0'),(68,'Macey','Nikolaus','major.parker@example.net','2ee9cfec220c7cbc60bd58c107a5479a6b98e8c1',0,''),(69,'Ashlee','Cassin','acrona@example.com','1fe045738425c61bad7f4a08674d1e03f46edd38',643353,''),(70,'Elmer','Abernathy','israel08@example.net','5013fc06ab9c48af1f9cd7f7d54cc24f76316ba6',684,'\0'),(71,'Raegan','Blick','ruecker.brooke@example.net','a9ae81ef76f4badb8af7eafdac0b9390f26d36eb',167658,''),(72,'Zora','Bahringer','alexander70@example.net','6d4214e147f6be15c61cc31c5629e90bb4c17224',4677670939,''),(73,'Willis','Koepp','tomasa04@example.com','bb778cf0c2e18f6b998d0e69a1f4d280427d957a',1,'\0'),(74,'Halie','Friesen','zane.ankunding@example.org','82619ffa4a4491b6d9b4966731f4ccd688cd7ef3',445,'\0'),(75,'Dorothea','Lebsack','gutmann.hollie@example.org','6b6ecfd19120b094a4052989ec88f4dbe9571284',0,'\0'),(76,'Felicity','Wuckert','lehner.erna@example.com','0fd01fd79d66064b2520668fe805b85d7367c641',1,'\0'),(77,'Aliyah','Cole','dimitri03@example.net','5234b8d012f923152311c5e4ac401c282b9158ed',98,'\0'),(78,'Suzanne','Kling','elta.spinka@example.com','0f9234f9cd8a75336d23791eea37cd3c8f96c9ea',0,'\0'),(79,'Cedrick','Blanda','abdul.hintz@example.net','33ae09d60f1c5ac60502b8d330f2a31b4eb417ba',0,'\0'),(80,'Allene','Kilback','everette.welch@example.com','b92e93d9aa772a5c6250c1a93b56124517c6decb',791325,'\0'),(81,'Stone','Brown','annabell.nienow@example.com','d663301f5b3906a5f70539ca173407150246ffae',1,''),(82,'Iva','Gleason','kim.schamberger@example.com','e019f072c001ed5bb48ce5c864551316ccbc34c0',0,''),(83,'Lexus','Marquardt','patience.cartwright@example.com','d602c3506a4c0be27f39af49ffa738dcdfaddee2',1,''),(84,'Sam','Hettinger','bwisozk@example.com','f3ec7b00e5e0d91eb8475048d295ddc1be732609',1372425916,''),(85,'Maya','Orn','critchie@example.com','8ce9f47234780278378310ccaeda5a2de245ddb2',134,'\0'),(86,'Alberta','Schaden','macejkovic.blanca@example.net','3516a0f48137fd931b1878b80d9f824cb6ac89ea',1,''),(87,'Nelson','Shanahan','lela53@example.org','572cd652172778f269b64162c31c0edcc260caf5',0,'\0'),(88,'Ursula','Leuschke','king45@example.com','53ffc1c032e658cc1685e836bc79d30ffd9dd401',6901111190,''),(89,'Alfonzo','Berge','hbergnaum@example.net','9cd337704399fa3ecaba5d777ffce201fa44ea61',0,''),(90,'Tracey','Larson','zwolf@example.com','2aaea4f19bdde358050940e8a47f23aa450ddfec',185,''),(91,'Graham','Legros','randall.wunsch@example.com','b749609e56b15ebad159d354efe5201a264b2cfe',1,'\0'),(92,'Carrie','Lang','kareem62@example.org','fc5fb837c9a7ae39b4b873f2c0ce8349431e742d',193,'\0'),(93,'Domenic','Walsh','thurman.bauch@example.net','71c32020db85babf8eb61fcd6887c6fc71f3b4fd',0,''),(94,'Lela','Beahan','bogisich.brendon@example.net','f209ec4112bfd60cd3be8fc0559c56e241516e46',14,'\0'),(95,'Carroll','Legros','dan.hills@example.org','facaf156e965085d60c35e2db49c4aeb272691bf',34,''),(96,'Sonia','Friesen','forest95@example.com','ff363c8442be216edb570d20e1390260e7df2011',340,''),(97,'Lon','Deckow','xmarquardt@example.net','6aeb5b9252bc9c8606d4a5feda26620d1cceed0a',1,''),(98,'Brooklyn','Casper','aniya68@example.net','acced969493caf00acdc8c742bbc5c185db65c90',1,''),(99,'Felicity','Wuckert','bjakubowski@example.com','5daa22d2cc3fbd9df5b1c33333377486a26aac0c',410134752,'\0'),(100,'Elody','McLaughlin','qeffertz@example.org','4529bbdede34c6732711829fd283c97acfbaa5b9',361275,'');
/*!40000 ALTER TABLE `users` ENABLE KEYS */;
UNLOCK TABLES;

--
-- Table structure for table `users_communities`
--

DROP TABLE IF EXISTS `users_communities`;
/*!40101 SET @saved_cs_client     = @@character_set_client */;
/*!40101 SET character_set_client = utf8 */;
CREATE TABLE `users_communities` (
  `user_id` bigint(20) unsigned NOT NULL,
  `community_id` bigint(20) unsigned NOT NULL,
  PRIMARY KEY (`user_id`,`community_id`),
  KEY `community_id` (`community_id`),
  CONSTRAINT `users_communities_ibfk_1` FOREIGN KEY (`user_id`) REFERENCES `users` (`id`) ON DELETE CASCADE ON UPDATE CASCADE,
  CONSTRAINT `users_communities_ibfk_2` FOREIGN KEY (`community_id`) REFERENCES `communities` (`id`) ON DELETE CASCADE ON UPDATE CASCADE
) ENGINE=InnoDB DEFAULT CHARSET=utf8mb4 COLLATE=utf8mb4_unicode_ci;
/*!40101 SET character_set_client = @saved_cs_client */;

--
-- Dumping data for table `users_communities`
--

LOCK TABLES `users_communities` WRITE;
/*!40000 ALTER TABLE `users_communities` DISABLE KEYS */;
INSERT INTO `users_communities` VALUES (1,1),(2,2),(3,3),(4,4),(5,5),(6,6),(7,7),(8,8),(9,9),(10,10),(11,11),(12,12),(13,13),(14,14),(15,15),(16,16),(17,17),(18,18),(19,19),(20,20),(21,21),(22,22),(23,23),(24,24),(25,25),(26,26),(27,27),(28,28),(29,29),(30,30),(31,31),(32,32),(33,33),(34,34),(35,35),(36,36),(37,37),(38,38),(39,39),(40,40),(41,41),(42,42),(43,43),(44,44),(45,45),(46,46),(47,47),(48,48),(49,49),(50,50),(51,51),(52,52),(53,53),(54,54),(55,55),(56,56),(57,57),(58,58),(59,59),(60,60),(61,61),(62,62),(63,63),(64,64),(65,65),(66,66),(67,67),(68,68),(69,69),(70,70),(71,71),(72,72),(73,73),(74,74),(75,75),(76,76),(77,77),(78,78),(79,79),(80,80),(81,81),(82,82),(83,83),(84,84),(85,85),(86,86),(87,87),(88,88),(89,89),(90,90),(91,91),(92,92),(93,93),(94,94),(95,95),(96,96),(97,97),(98,98),(99,99),(100,100);
/*!40000 ALTER TABLE `users_communities` ENABLE KEYS */;
UNLOCK TABLES;
/*!40103 SET TIME_ZONE=@OLD_TIME_ZONE */;

/*!40101 SET SQL_MODE=@OLD_SQL_MODE */;
/*!40014 SET FOREIGN_KEY_CHECKS=@OLD_FOREIGN_KEY_CHECKS */;
/*!40014 SET UNIQUE_CHECKS=@OLD_UNIQUE_CHECKS */;
/*!40101 SET CHARACTER_SET_CLIENT=@OLD_CHARACTER_SET_CLIENT */;
/*!40101 SET CHARACTER_SET_RESULTS=@OLD_CHARACTER_SET_RESULTS */;
/*!40101 SET COLLATION_CONNECTION=@OLD_COLLATION_CONNECTION */;
/*!40111 SET SQL_NOTES=@OLD_SQL_NOTES */;

-- Dump completed on 2021-12-30 21:09:35
